Unnamed: 0,encoded_ip,count,time,flintType,encoded_value,requestCnt,encoded_fqdn,family_no
746192,698983623f3565676cff21527219505e.2,1,20200500000000.0,1,ac309aed621b21d82135fce35af1ddae.65,1,aaaaaa[aaaaaa][aaaaaa][aaaaaa][aaaaaa]aa.a.aa-aaa[aaaa].org,0
582875,698983623f3565676cff21527219505e.6,2,20200300000000.0,1,7b06119e9e0adc268a6e83bc0a9d5e87.241,1,[aaaaa].000aa.info,0
3571,ea8fd3fba91b9c8dc632058860f53355.14,2,20200500000000.0,1,6d6562f52cbd49089b935e4b3ca94b00.48,1,000aaaa0000000a0a000.aa[aaaa][aaaaa].com,0
558766,698983623f3565676cff21527219505e.5,1,20200500000000.0,1,95ea675dd6f20a60fe9e3bee42e10acc.68,1,aaaa.us,6
830015,698983623f3565676cff21527219505e.2,1,20200300000000.0,1,c0c0fab0f4ffdd9fcb44d3e10e7fd81c.26,3,aaaaaaaa[aaaaaa][aaaaaa][aaaaaa]aaaaaa.a.aa-aaa[aaaa].org,0
638739,1d621688fe3ea77f966912b5c9400932.54,13,20200400000000.0,1,fb61fa95e5e3f2310bffa114e3319759.73,1,[aaaa].[aaaa]aa.com,0
199338,698983623f3565676cff21527219505e.6,2,20200500000000.0,1,7b06119e9e0adc268a6e83bc0a9d5e87.241,1,aaaaaaa[aaaaaa][aaaaaa][aaaaaa]aaaaa0a.a.aa-aaa[aaaa].org,0
181930,1a4d267621addff3e93d348386fc5367.13,2,20200300000000.0,1,d80c9a40d546923bee73abcc7b2534fe.180,1,[aaaa]aaa[aaaa]aaa.xyz,0
251107,698983623f3565676cff21527219505e.2,2,20200400000000.0,1,05c63f09b4cb7595fcdc4fa74114922a.110,1,aaaaaaa[aaaaaa][aaaaaa][aaaaaa]aaaaaaa.a.aa-aaa[aaaa].org,0
258343,698983623f3565676cff21527219505e.1,2,20200500000000.0,1,7b06119e9e0adc268a6e83bc0a9d5e87.241,1,aaaaaaa[aaaaaa][aaaaaa][aaaaaa]aaaaaaa.a.aa-aaa[aaaa].org,0
216612,698983623f3565676cff21527219505e.5,1,20200500000000.0,1,3b32b79e051ec957ae9f9db551596a54.173,1,aaaaaaaa[aaaaaa][aaaaaa][aaaaaa]aaaaaa.a.aa-aaa[aaaa].org,0
188696,5bd34f0929fdde8886bb1f67f62d692a.146,1,20200400000000.0,5,fqdn_11601,6,aaa.aaaa.club,6
655516,0a4bac9315565686caaafe8845915a64.3,1,20200400000000.0,1,fb61fa95e5e3f2310bffa114e3319759.73,4,[aaaa].[aaaa]aa.com,0
345551,698983623f3565676cff21527219505e.5,1,20200500000000.0,1,cad5ef254250109902a5fdf93514f4ad.1,1,aaaaaaaa[aaaaaa][aaaaaa][aaaaaa]aaaaa0.a.aa-aaa[aaaa].org,0
88335,698983623f3565676cff21527219505e.2,1,20200300000000.0,1,26f232fde6ccbe186f134bf67e689daf.18,2,aaaaaa[aaaaaa][aaaaaa][aaaaaa][aaaaaa]aa.a.aa-aaa[aaaa].org,0
1011770,ea8fd3fba91b9c8dc632058860f53355.14,2,20200500000000.0,1,b444a633e57a48894959219c40d9e017.17,2,aaaaaaa[aaaaaa][aaaaaa][aaaaaa]aaaaa0a.a.aa-aaa[aaaa].org,0
72551,698983623f3565676cff21527219505e.5,1,20200500000000.0,1,ea3fef50decdeb04aaa2706038c9cbed.21,1,aaaaaaa[aaaaaa][aaaaaa][aaaaaa]aaaaaaa.a.aa-aaa[aaaa].org,0
747721,698983623f3565676cff21527219505e.5,1,20200500000000.0,1,376e6beac949a5bcde7d9f0311377f17.14,2,aaaaaa[aaaaaa][aaaaaa][aaaaaa][aaaaaa]aa.a.aa-aaa[aaaa].org,0
595165,698983623f3565676cff21527219505e.6,1,20200500000000.0,1,1601edd391a03b1c515d47a5f98d6625.13,1,[aaaaa].000aa.info,0
7431,ea8fd3fba91b9c8dc632058860f53355.14,2,20200500000000.0,1,6d6562f52cbd49089b935e4b3ca94b00.48,28,000aaaa0000000a0a000.aa[aaaa][aaaaa].com,0
1008998,ea8fd3fba91b9c8dc632058860f53355.13,1,20200500000000.0,1,e6723b23d81aeef137cc77a0f2ca0dec.11,2,aaaaaaa[aaaaaa][aaaaaa][aaaaaa]aaaaa0a.a.aa-aaa[aaaa].org,0
543937,698983623f3565676cff21527219505e.6,2,20200400000000.0,1,37f1b5a3cfdfd8c98c0588a236ad9bcd.242,2,aaaaaaa[aaaaaa][aaaaaa][aaaaaa][aaaa]aaa.a.aa-aaa[aaaa].org,0
333172,698983623f3565676cff21527219505e.5,1,20200400000000.0,1,ed244ceb6ead45a4986b36d30e713147.8,3,aaaaaaaa[aaaaaa][aaaaaa][aaaaaa]aaaaa0.a.aa-aaa[aaaa].org,0
260093,698983623f3565676cff21527219505e.1,1,20200500000000.0,1,d5b8fc586b3bf2f9924ad7ea8c21425e.32,1,aaaaaaa[aaaaaa][aaaaaa][aaaaaa]aaaaaaa.a.aa-aaa[aaaa].org,0
76744,698983623f3565676cff21527219505e.1,1,20200500000000.0,1,a0b2a8631ffc70e2d75056e5fe587acc.1,1,aaaaaaa[aaaaaa][aaaaaa][aaaaaa]aaaaaaa.a.aa-aaa[aaaa].org,0
856004,698983623f3565676cff21527219505e.2,1,20200400000000.0,1,bcb83b032de182b80ece5712c129f4d3.1,3,aaaaaaa[aaaaaa][aaaaaa][aaaaaa][aaaa]aaa.a.aa[aaaaa].net,0
310602,698983623f3565676cff21527219505e.5,3,20200500000000.0,1,0d1e25390c9d02079fc04c410453ce7f.157,1,aaaaaaa[aaaaaa][aaaaaa][aaaaaa][aaaa]aaa.a.aa-aaa[aaaa].org,0
353547,698983623f3565676cff21527219505e.6,1,20200400000000.0,1,6d6562f52cbd49089b935e4b3ca94b00.48,2,[aaaaaaa].[aaaaaa][aaaaa].com,0
336839,698983623f3565676cff21527219505e.6,3,20200400000000.0,1,9eab6c2473fc63db6e7c2d9416bef553.33,1,aaaaaaaa[aaaaaa][aaaaaa][aaaaaa]aaaaa0.a.aa-aaa[aaaa].org,0
208138,698983623f3565676cff21527219505e.5,1,20200300000000.0,1,d38321e07baa4c5a21a9a506f69be895.62,1,aaaaaaaa[aaaaaa][aaaaaa][aaaaaa]aaaaaa.a.aa-aaa[aaaa].org,0
399249,698983623f3565676cff21527219505e.6,2,20200500000000.0,1,0c4a3e4bb13d5a8d36cd481930be0285.49,3,aaaaaaaa[aaaaaa][aaaaaa][aaaaaa]aaaaaa.a.aa-aaa[aaaa].org,0
558594,698983623f3565676cff21527219505e.2,1,20200500000000.0,1,95ea675dd6f20a60fe9e3bee42e10acc.68,1,aaaa.us,6
967569,ea8fd3fba91b9c8dc632058860f53355.13,1,20200500000000.0,1,bcb83b032de182b80ece5712c129f4d3.1,3,aaaaaa[aaaaaa][aaaaaa][aaaaaa][aaaaaa]aa.a.aa[aaaaa].net,0
858819,698983623f3565676cff21527219505e.1,1,20200400000000.0,1,f91f920a0023105575f86250d3c930a0.145,1,aaaaaaaaaaaaaaaaaaaaaaaaaaaaaaaaaaaaaaaaaaaaaaaaaaaaaaaaaaaa.aaaaaaaa.aaaaaaaaa[aaaa].com,0
469700,698983623f3565676cff21527219505e.2,1,20200400000000.0,1,9b36515c664b111b8dd4cedb7c88cec6.1,3,aaaaaaaa[aaaaaa][aaaaaa][aaaaaa]aaaaaa.a.aa-aaa[aaaa].org,0
1030350,ea8fd3fba91b9c8dc632058860f53355.14,1,20200500000000.0,1,5f9e23ebf07282b80a72ccedac14022f.101,1,aaaaaaa[aaaaaa][aaaaaa][aaaaaa]aaaaa0a.a.aa-aaa[aaaa].org,0
53527,698983623f3565676cff21527219505e.6,1,20200400000000.0,1,3b0c2f251bfc580e309c1089b41bb3d2.57,1,[aaaa]aaa.com,0
270465,698983623f3565676cff21527219505e.1,2,20200400000000.0,1,b85ba107cd954ec10b40801d9a4a958f.65,1,aaaaaaa[aaaaaa][aaaaaa][aaaaaa]aaaaaaa.a.aa-aaa[aaaa].org,0
509601,698983623f3565676cff21527219505e.6,1,20200500000000.0,1,bcb83b032de182b80ece5712c129f4d3.1,2,aaaaaaa[aaaaaa][aaaaaa][aaaaaa][aaaa]aaa.a.aa[aaaaa].net,0
578274,698983623f3565676cff21527219505e.1,1,20200500000000.0,1,bcb83b032de182b80ece5712c129f4d3.1,3,aaaaaaa[aaaaaa][aaaaaa][aaaaaa]aaaaaaa.a.aa[aaaaa].net,0
503630,698983623f3565676cff21527219505e.1,1,20200500000000.0,1,e6527f8943484df4a3ec324b9318c75e.40,1,aaaaaaaa[aaaaaa][aaaaaa][aaaaaa]aaaaaa.a.aa-aaa[aaaa].org,0
726493,698983623f3565676cff21527219505e.6,1,20200500000000.0,1,142ac13f4baa5b61c4f131f497a68e46.17,2,aaaaaaaa[aaaaaa][aaaaaa][aaaaaa]aaaaaa.a.aa-aaa[aaaa].org,0
617854,0a4bac9315565686caaafe8845915a64.3,1,20200400000000.0,1,fb61fa95e5e3f2310bffa114e3319759.73,62,[aaaa].[aaaa]aa.com,0
596814,698983623f3565676cff21527219505e.2,1,20200500000000.0,1,e05fe5264edf1831182cd4615c43e17e.1,1,[aaaaa].000aa.info,0
537518,698983623f3565676cff21527219505e.2,1,20200300000000.0,1,376e6beac949a5bcde7d9f0311377f17.209,1,aaaaaaa[aaaaaa][aaaaaa][aaaaaa][aaaa]aaa.a.aa-aaa[aaaa].org,0
927802,698983623f3565676cff21527219505e.2,2,20200500000000.0,1,8332328c02043e841d1fc7ff149afa39.199,4,[aaaa]aa[aaaa].net,3
441521,55240f5cb01dd24893b693404153cf89.147,2,20200400000000.0,1,f96941976bf574e40d1fd2f2c04c013e.32,1,aaa0.aaaaaaa.com,0
669178,e0384addf00c44610bfff1a6b120adb2.254,1,20200500000000.0,1,fb61fa95e5e3f2310bffa114e3319759.73,17,[aaaa].[aaaa]aa.com,0
882402,698983623f3565676cff21527219505e.1,1,20200400000000.0,1,bcb83b032de182b80ece5712c129f4d3.1,3,aaaaaaa[aaaaaa][aaaaaa][aaaaaa]aaaaaaa.a.aa[aaaaa].net,0
675957,698983623f3565676cff21527219505e.1,1,20200400000000.0,1,e05fe5264edf1831182cd4615c43e17e.20,1,aaaaaaa[aaaaaa][aaaaaa][aaaaaa][aaaa]aaa.a.aa-aaa[aaaa].org,0
56069,698983623f3565676cff21527219505e.2,1,20200500000000.0,1,4b0a676c12f3d04dfcd3841fcb8e8985.11,1,[aaaaa][aaaa]aaa.com,2
437903,55240f5cb01dd24893b693404153cf89.147,2,20200300000000.0,1,b95c5303c8c0ae0424bba62fa7ff7aa9.14,2,aaa0.aaaaaaa.com,0
287633,ea8fd3fba91b9c8dc632058860f53355.14,1,20200500000000.0,1,8461346253cf576b7f7de1d2db23ce20.17,1,aaaaaaa[aaaaaa][aaaaaa][aaaaaa]aaaaaaa.a.aa-aaa[aaaa].org,0
375098,698983623f3565676cff21527219505e.5,1,20200300000000.0,1,934b23db3d7ba2da2582581064d32c5b.152,3,aaaaaaaaaaaaaaaaaaaaaaaaaaaaaaaaaaaaaaaaaaaaaaaaaaaaaaaaaaaa.aaaaaaaa.[aaaaaa]a[aaaaaa].com,0
313750,698983623f3565676cff21527219505e.6,1,20200500000000.0,1,ed244ceb6ead45a4986b36d30e713147.16,1,aaaaaaa[aaaaaa][aaaaaa][aaaaaa][aaaa]aaa.a.aa-aaa[aaaa].org,0
840753,698983623f3565676cff21527219505e.5,3,20200500000000.0,1,f9c0e7f4bad2e0aa749e3205a1d1725a.7,1,aaaaaaaa[aaaaaa][aaaaaa][aaaaaa]aaaaaa.a.aa-aaa[aaaa].org,0
900180,698983623f3565676cff21527219505e.1,1,20200500000000.0,1,364969db710c6b10cc7a5533af4b53a4.11,2,aaaaaaa[aaaaaa][aaaaaa][aaaaaa][aaaa]aaa.a.aa-aaa[aaaa].org,0
740155,698983623f3565676cff21527219505e.2,1,20200400000000.0,1,2cea2019e9c0bc567739b17e4be3e1f0.8,2,aaaaaa[aaaaaa][aaaaaa][aaaaaa][aaaaaa]aa.a.aa-aaa[aaaa].org,0
759383,698983623f3565676cff21527219505e.5,1,20200500000000.0,1,6d6562f52cbd49089b935e4b3ca94b00.48,3,aaaa000a000000000a000.aa[aaaa][aaaaa].com,0
5665,ea8fd3fba91b9c8dc632058860f53355.14,1,20200500000000.0,1,6d6562f52cbd49089b935e4b3ca94b00.48,1,000aaaa0000000a0a000.aa[aaaa][aaaaa].com,0
584518,d1ea99bdf1151ff83f87da85586f9c43.7,1,20200400000000.0,1,35c99e04da2571dd908de710f7e0923f.48,1,[aaaaa].000aa.info,0
577861,698983623f3565676cff21527219505e.5,1,20200400000000.0,1,bcb83b032de182b80ece5712c129f4d3.1,2,aaaaaaa[aaaaaa][aaaaaa][aaaaaa]aaaaaaa.a.aa[aaaaa].net,0
76688,698983623f3565676cff21527219505e.1,1,20200500000000.0,1,ff355c163c883d3a3e84101a6b7c8569.17,1,aaaaaaa[aaaaaa][aaaaaa][aaaaaa]aaaaaaa.a.aa-aaa[aaaa].org,0
584526,d1ea99bdf1151ff83f87da85586f9c43.7,1,20200400000000.0,1,e6527f8943484df4a3ec324b9318c75e.12,2,[aaaaa].000aa.info,0
181398,ea8fd3fba91b9c8dc632058860f53355.14,1,20200500000000.0,1,e13333fef90519f1c685687d37e1210e.234,1,aaaaaa[aaaaaa][aaaaaa][aaaaaa][aaaaaa]aa.a.aa-aaa[aaaa].org,0
1013275,ea8fd3fba91b9c8dc632058860f53355.14,1,20200500000000.0,1,8bcdd1edab9ff2af03813bbc4927ff7c.221,2,aaaaaaa[aaaaaa][aaaaaa][aaaaaa]aaaaa0a.a.aa-aaa[aaaa].org,0
481602,698983623f3565676cff21527219505e.1,1,20200500000000.0,1,ed244ceb6ead45a4986b36d30e713147.16,2,aaaaaaaa[aaaaaa][aaaaaa][aaaaaa]aaaaaa.a.aa-aaa[aaaa].org,0
424385,1502b23c73c59d1b7c06990f87519160.3,2,20200500000000.0,1,63023aec6c4be8d5b25a133b7e8c2609.102,2,[aaaaa]a[aaaaaa].net,2
1003247,698983623f3565676cff21527219505e.2,1,20200500000000.0,1,e9227bf48b1487a5353539ef8a28959a.142,4,aaaaaaa[aaaaaa][aaaaaa][aaaaaa]aaaaa0a.a.aa-aaa[aaaa].org,0
731221,698983623f3565676cff21527219505e.2,1,20200400000000.0,1,934b23db3d7ba2da2582581064d32c5b.152,1,aaaaaaaaaaaaaaaaaaaaaaaaaaaaaaaaaaaaaaaaaaaaaaaaaaaaaaaaaaaa.aaaaaaaa.[aaaa]aaa[aaaa]aaa.xyz,0
1016389,ea8fd3fba91b9c8dc632058860f53355.13,1,20200500000000.0,1,1bc59bdbbf5f8d58a732fecc39e008f3.143,1,aaaaaaa[aaaaaa][aaaaaa][aaaaaa]aaaaa0a.a.aa-aaa[aaaa].org,0
289465,ea8fd3fba91b9c8dc632058860f53355.14,2,20200500000000.0,1,35c99e04da2571dd908de710f7e0923f.48,2,aaaaaaa[aaaaaa][aaaaaa][aaaaaa]aaaaaaa.a.aa-aaa[aaaa].org,0
349009,31b14756fcb2085924845dcdc025fbe8.22,1,20200300000000.0,1,6d6562f52cbd49089b935e4b3ca94b00.48,3,[aaaaaaa].[aaaaaa][aaaaa].com,0
493096,698983623f3565676cff21527219505e.5,1,20200400000000.0,1,2986f8d7fe6887b53247eec573649379.23,1,aaaaaaaa[aaaaaa][aaaaaa][aaaaaa]aaaaaa.a.aa-aaa[aaaa].org,0
749417,698983623f3565676cff21527219505e.2,2,20200500000000.0,1,71f1c5994bd4c0c76e3448f1560cb759.182,2,aaaaaa[aaaaaa][aaaaaa][aaaaaa][aaaaaa]aa.a.aa-aaa[aaaa].org,0
303414,698983623f3565676cff21527219505e.5,1,20200400000000.0,1,2304671cffc770968385a153f441ddbf.26,1,aaaaaaa[aaaaaa][aaaaaa][aaaaaa][aaaa]aaa.a.aa-aaa[aaaa].org,0
550394,5bd34f0929fdde8886bb1f67f62d692a.146,1,20200400000000.0,1,2480f9e1251504eef8bbfc39494996e5.37,1,aaa[aaaa]-[aaaaaaaa].net,2
257636,698983623f3565676cff21527219505e.5,3,20200500000000.0,1,b444a633e57a48894959219c40d9e017.17,1,aaaaaaa[aaaaaa][aaaaaa][aaaaaa]aaaaaaa.a.aa-aaa[aaaa].org,0
106126,698983623f3565676cff21527219505e.1,1,20200400000000.0,1,8bcdd1edab9ff2af03813bbc4927ff7c.221,2,aaaaaa[aaaaaa][aaaaaa][aaaaaa][aaaaaa]aa.a.aa-aaa[aaaa].org,0
302819,698983623f3565676cff21527219505e.6,1,20200300000000.0,1,84b76c85fb1dcf96ccd26702450daf65.20,3,aaaaaaa[aaaaaa][aaaaaa][aaaaaa][aaaa]aaa.a.aa-aaa[aaaa].org,0
53702,f0ba4c057852ad09df9b1e3611a75323.16,1,20200500000000.0,1,3b0c2f251bfc580e309c1089b41bb3d2.57,1,[aaaa]aaa.com,0
109901,698983623f3565676cff21527219505e.5,2,20200400000000.0,1,2cea2019e9c0bc567739b17e4be3e1f0.16,1,aaaaaa[aaaaaa][aaaaaa][aaaaaa][aaaaaa]aa.a.aa-aaa[aaaa].org,0
348006,698983623f3565676cff21527219505e.2,1,20200500000000.0,1,1bc59bdbbf5f8d58a732fecc39e008f3.59,1,aaaaaaaa[aaaaaa][aaaaaa][aaaaaa]aaaaa0.a.aa-aaa[aaaa].org,0
824562,698983623f3565676cff21527219505e.6,2,20200400000000.0,1,6e03fb291657ed803f6b144623cdc4bf.29,2,[aaaaaa].[aaaa]aaa.com,0
651712,58bdf5e331c99d4f384cbb59f98b1f5a.101,4,20200400000000.0,1,fb61fa95e5e3f2310bffa114e3319759.73,1,[aaaa].[aaaa]aa.com,0
238113,698983623f3565676cff21527219505e.2,1,20200500000000.0,1,7386c9041732cd890e7630f7560942d1.9,1,aaaaaaaa[aaaaaa][aaaaaa][aaaaaa]aaaa0a.a.aa-aaa[aaaa].org,0
628636,0a4bac9315565686caaafe8845915a64.3,2,20200400000000.0,1,fb61fa95e5e3f2310bffa114e3319759.73,4,[aaaa].[aaaa]aa.com,0
82021,698983623f3565676cff21527219505e.2,1,20200400000000.0,1,63023aec6c4be8d5b25a133b7e8c2609.102,5,000[aaaa][aaaaaaa].com,0
395417,698983623f3565676cff21527219505e.6,2,20200500000000.0,1,77b486728cce8306da6a3ce75cfa2ffa.11,4,aaaaaaaa[aaaaaa][aaaaaa][aaaaaa]aaaaaa.a.aa-aaa[aaaa].org,0
314088,698983623f3565676cff21527219505e.5,1,20200500000000.0,1,feb8fc102acdfce8b572fe0f9d6f0b45.136,1,aaaaaaa[aaaaaa][aaaaaa][aaaaaa][aaaa]aaa.a.aa-aaa[aaaa].org,0
391771,698983623f3565676cff21527219505e.6,3,20200400000000.0,1,9eab6c2473fc63db6e7c2d9416bef553.129,1,aaaaaaaa[aaaaaa][aaaaaa][aaaaaa]aaaaaa.a.aa-aaa[aaaa].org,0
238950,698983623f3565676cff21527219505e.2,1,20200500000000.0,1,b251bec212c41cf635e41f722fa3cd68.252,1,aaaaaaaa[aaaaaa][aaaaaa][aaaaaa]aaaa0a.a.aa-aaa[aaaa].org,0
508949,698983623f3565676cff21527219505e.6,1,20200500000000.0,1,bcb83b032de182b80ece5712c129f4d3.1,3,aaaaaaa[aaaaaa][aaaaaa][aaaaaa][aaaa]aaa.a.aa[aaaaa].net,0
996964,698983623f3565676cff21527219505e.1,1,20200500000000.0,1,ff355c163c883d3a3e84101a6b7c8569.54,1,aaaaaaa[aaaaaa][aaaaaa][aaaaaa]aaaaa0a.a.aa-aaa[aaaa].org,0
877225,698983623f3565676cff21527219505e.1,1,20200500000000.0,1,ac309aed621b21d82135fce35af1ddae.65,1,aaaaaaa[aaaaaa][aaaaaa][aaaaaa][aaaa]aaa.a.aa-aaa[aaaa].org,0
159661,ea8fd3fba91b9c8dc632058860f53355.14,2,20200500000000.0,1,79984ce9e743d990ebf803dd952f2764.156,5,aaaaaa[aaaaaa][aaaaaa][aaaaaa][aaaaaa]aa.a.aa-aaa[aaaa].org,0
350578,94953e259992d2243cc90be061891471.169,2,20200400000000.0,1,6d6562f52cbd49089b935e4b3ca94b00.48,5,[aaaaaaa].[aaaaaa][aaaaa].com,0
522033,abe379c0b3e67ffc7ecde0efbd063121.246,1,20200300000000.0,1,95ea675dd6f20a60fe9e3bee42e10acc.67,1,aaaa.us,6
94549,698983623f3565676cff21527219505e.2,1,20200400000000.0,1,fde045550dfbf1043e4284c6b7f82703.68,4,aaaaaa[aaaaaa][aaaaaa][aaaaaa][aaaaaa]aa.a.aa-aaa[aaaa].org,0
713413,698983623f3565676cff21527219505e.5,1,20200400000000.0,1,bcb83b032de182b80ece5712c129f4d3.1,2,aaa00aaa[aaaaaa]aa[aaaaaa][aaaaaa]aaaa.a.aaa[aaaaaaa].com,0
950171,698983623f3565676cff21527219505e.1,1,20200300000000.0,1,a0b2a8631ffc70e2d75056e5fe587acc.18,1,aaaaaaa[aaaaaa][aaaaaa][aaaaaa][aaaa]aaa.a.aa-aaa[aaaa].org,0
435922,698983623f3565676cff21527219505e.6,1,20200500000000.0,1,a0b2a8631ffc70e2d75056e5fe587acc.18,1,aaaaaaa[aaaaaa][aaaaaa][aaaaaa]aaaaaaa.a.aa-aaa[aaaa].org,0
620810,0a4bac9315565686caaafe8845915a64.3,1,20200400000000.0,1,fb61fa95e5e3f2310bffa114e3319759.73,2,[aaaa].[aaaa]aa.com,0
104911,698983623f3565676cff21527219505e.1,2,20200400000000.0,1,570d352043e8efd1835ee37469634be6.48,2,aaaaaa[aaaaaa][aaaaaa][aaaaaa][aaaaaa]aa.a.aa-aaa[aaaa].org,0
11211,698983623f3565676cff21527219505e.1,1,20200500000000.0,1,bcb83b032de182b80ece5712c129f4d3.1,1,aaa00aaa[aaaaaa][aaaaaa][aaaaaa]aaaaaa.a.aaa[aaaaaaa].com,0
734849,698983623f3565676cff21527219505e.2,2,20200500000000.0,1,bcb83b032de182b80ece5712c129f4d3.1,4,[aaaaaa][aaaaaa][aaaaaa][aaaaaa][aaaa]aaa0.a.aaa[aaaaaaa].com,0
176002,ea8fd3fba91b9c8dc632058860f53355.14,1,20200500000000.0,1,a0b2a8631ffc70e2d75056e5fe587acc.18,2,aaaaaa[aaaaaa][aaaaaa][aaaaaa][aaaaaa]aa.a.aa-aaa[aaaa].org,0
742728,698983623f3565676cff21527219505e.6,2,20200400000000.0,1,3b32b79e051ec957ae9f9db551596a54.173,1,aaaaaa[aaaaaa][aaaaaa][aaaaaa][aaaaaa]aa.a.aa-aaa[aaaa].org,0
170809,ea8fd3fba91b9c8dc632058860f53355.14,1,20200500000000.0,1,3ef26b76c400c903e8721c7c385a5e89.229,2,aaaaaa[aaaaaa][aaaaaa][aaaaaa][aaaaaa]aa.a.aa-aaa[aaaa].org,0
582629,698983623f3565676cff21527219505e.6,1,20200300000000.0,1,f96941976bf574e40d1fd2f2c04c013e.32,1,[aaaaa].000aa.info,0
133032,ea8fd3fba91b9c8dc632058860f53355.14,1,20200500000000.0,1,d5b8fc586b3bf2f9924ad7ea8c21425e.71,1,aaaaaa[aaaaaa][aaaaaa][aaaaaa][aaaaaa]aa.a.aa-aaa[aaaa].org,0
52036,ad92a59bae8ebd922f771145441d6759.20,1,20200500000000.0,1,fb61fa95e5e3f2310bffa114e3319759.73,53,aaa00a00.[aaaa]aaa.com,0
360051,698983623f3565676cff21527219505e.1,2,20200400000000.0,1,bcb83b032de182b80ece5712c129f4d3.1,3,aaa00aaa[aaaaaa]aa[aaaaaa][aaaaaa]aaaa.a.aaa[aaaaaaa].com,0
404023,698983623f3565676cff21527219505e.2,2,20200400000000.0,1,677fef41a430b598d8883d9674c36d4a.30,1,aaaaaa[aaaaaa][aaaaaa][aaaaaa][aaaaaa]aa.a.aa-aaa[aaaa].org,0
861602,698983623f3565676cff21527219505e.2,2,20200400000000.0,1,91bbd9d96aceb1957c99d79935e919a1.131,1,aaaaaaa[aaaaaa][aaaaaa][aaaaaa][aaaa]aaa.a.aa-aaa[aaaa].org,0
596818,698983623f3565676cff21527219505e.2,1,20200500000000.0,1,5f9e23ebf07282b80a72ccedac14022f.16,1,[aaaaa].000aa.info,0
169245,ea8fd3fba91b9c8dc632058860f53355.14,1,20200500000000.0,1,5f9e23ebf07282b80a72ccedac14022f.64,2,aaaaaa[aaaaaa][aaaaaa][aaaaaa][aaaaaa]aa.a.aa-aaa[aaaa].org,0
697657,698983623f3565676cff21527219505e.6,1,20200300000000.0,1,6d6562f52cbd49089b935e4b3ca94b00.48,1,[aaaaaa][aaaaa].com,0
644501,0a4bac9315565686caaafe8845915a64.3,2,20200400000000.0,1,fb61fa95e5e3f2310bffa114e3319759.73,4,[aaaa].[aaaa]aa.com,0
676207,698983623f3565676cff21527219505e.6,1,20200400000000.0,1,677fef41a430b598d8883d9674c36d4a.30,2,aaaaaaa[aaaaaa][aaaaaa][aaaaaa][aaaa]aaa.a.aa-aaa[aaaa].org,0
77363,698983623f3565676cff21527219505e.5,1,20200500000000.0,1,7b06119e9e0adc268a6e83bc0a9d5e87.16,1,aaaaaaa[aaaaaa][aaaaaa][aaaaaa]aaaaaaa.a.aa-aaa[aaaa].org,0
1017397,ea8fd3fba91b9c8dc632058860f53355.14,2,20200500000000.0,1,babb2f0fe52afdaf3f70c91234e17fbd.37,1,aaaaaaa[aaaaaa][aaaaaa][aaaaaa]aaaaa0a.a.aa-aaa[aaaa].org,0
849374,ea8fd3fba91b9c8dc632058860f53355.13,1,20200500000000.0,1,bcb83b032de182b80ece5712c129f4d3.1,1,aaa00a[aaaaaa][aaaaaa][aaaaaa][aaaaaa]0a.a.aaa[aaaaaaa].com,0
32443,0a4bac9315565686caaafe8845915a64.3,1,20200400000000.0,1,fb61fa95e5e3f2310bffa114e3319759.73,18,aaa00a00.[aaaa]aaa.com,0
539966,698983623f3565676cff21527219505e.6,2,20200400000000.0,1,35c99e04da2571dd908de710f7e0923f.48,1,aaaaaaa[aaaaaa][aaaaaa][aaaaaa][aaaa]aaa.a.aa-aaa[aaaa].org,0
629004,0a4bac9315565686caaafe8845915a64.3,1,20200400000000.0,1,fb61fa95e5e3f2310bffa114e3319759.73,1,[aaaa].[aaaa]aa.com,0
857800,698983623f3565676cff21527219505e.1,1,20200500000000.0,1,bcb83b032de182b80ece5712c129f4d3.1,4,aaaaaaa[aaaaaa][aaaaaa][aaaaaa][aaaa]aaa.a.aa[aaaaa].net,0
450396,55240f5cb01dd24893b693404153cf89.147,4,20200500000000.0,1,1601edd391a03b1c515d47a5f98d6625.13,1,aaa0.aaaaaaa.com,0
105506,698983623f3565676cff21527219505e.5,1,20200400000000.0,1,365b91f03fd9b91ea8d1613b1372da9e.20,2,aaaaaa[aaaaaa][aaaaaa][aaaaaa][aaaaaa]aa.a.aa-aaa[aaaa].org,0
360023,698983623f3565676cff21527219505e.6,1,20200400000000.0,1,bcb83b032de182b80ece5712c129f4d3.1,2,aaa00aaa[aaaaaa]aa[aaaaaa][aaaaaa]aaaa.a.aaa[aaaaaaa].com,0
379809,698983623f3565676cff21527219505e.1,1,20200500000000.0,1,b96ff9cb9e39dffab1adaf412f0ccb4d.67,5,aaaaaaaaaaaaaaaaaaaaaaaaaaaaaaaaaaaaaaaaaaaaaaaaaaaaaaaaaaaa.aaaaaaaa.[aaaaaa]a[aaaaaa].com,0
931666,698983623f3565676cff21527219505e.6,1,20200500000000.0,1,8332328c02043e841d1fc7ff149afa39.198,6,[aaaa]aa[aaaa].net,3
610652,0a4bac9315565686caaafe8845915a64.3,3,20200300000000.0,1,fb61fa95e5e3f2310bffa114e3319759.73,4,[aaaa].[aaaa]aa.com,0
75626,698983623f3565676cff21527219505e.6,1,20200500000000.0,1,2cea2019e9c0bc567739b17e4be3e1f0.8,1,aaaaaaa[aaaaaa][aaaaaa][aaaaaa]aaaaaaa.a.aa-aaa[aaaa].org,0
409168,698983623f3565676cff21527219505e.6,2,20200400000000.0,1,997395195a160038fd7888a40c621e6c.244,1,aaaaaa[aaaaaa][aaaaaa][aaaaaa][aaaaaa]aa.a.aa-aaa[aaaa].org,0
954145,698983623f3565676cff21527219505e.6,1,20200400000000.0,1,9eab6c2473fc63db6e7c2d9416bef553.86,2,aaaaaaa[aaaaaa][aaaaaa][aaaaaa][aaaa]aaa.a.aa-aaa[aaaa].org,0
931295,698983623f3565676cff21527219505e.1,2,20200500000000.0,1,8332328c02043e841d1fc7ff149afa39.199,3,[aaaa]aa[aaaa].net,3
739806,698983623f3565676cff21527219505e.6,1,20200400000000.0,1,3b1ca23c5eaae1b544d7b9113dce8b0a.1,2,aaaaaa[aaaaaa][aaaaaa][aaaaaa][aaaaaa]aa.a.aa-aaa[aaaa].org,0
483806,698983623f3565676cff21527219505e.5,2,20200300000000.0,1,bcb83b032de182b80ece5712c129f4d3.1,2,aaaaaaa[aaaaaa][aaaaaa][aaaaaa][aaaa]aaa.a.aa[aaaaa].net,0
675460,698983623f3565676cff21527219505e.6,1,20200400000000.0,1,91bbd9d96aceb1957c99d79935e919a1.131,1,aaaaaaa[aaaaaa][aaaaaa][aaaaaa][aaaa]aaa.a.aa-aaa[aaaa].org,0
483546,698983623f3565676cff21527219505e.1,1,20200300000000.0,1,bcb83b032de182b80ece5712c129f4d3.1,3,aaaaaaa[aaaaaa][aaaaaa][aaaaaa][aaaa]aaa.a.aa[aaaaa].net,0
271392,698983623f3565676cff21527219505e.6,1,20200400000000.0,1,b251bec212c41cf635e41f722fa3cd68.252,1,aaaaaaa[aaaaaa][aaaaaa][aaaaaa]aaaaaaa.a.aa-aaa[aaaa].org,0
837682,698983623f3565676cff21527219505e.5,3,20200400000000.0,1,2cea2019e9c0bc567739b17e4be3e1f0.16,1,aaaaaaaa[aaaaaa][aaaaaa][aaaaaa]aaaaaa.a.aa-aaa[aaaa].org,0
892084,698983623f3565676cff21527219505e.6,1,20200400000000.0,1,735180e28b38e0267205480d25f09f6d.11,1,aaaaaaa[aaaaaa][aaaaaa][aaaaaa][aaaa]aaa.a.aa-aaa[aaaa].org,0
396175,698983623f3565676cff21527219505e.2,1,20200500000000.0,1,9b36515c664b111b8dd4cedb7c88cec6.23,3,aaaaaaaa[aaaaaa][aaaaaa][aaaaaa]aaaaaa.a.aa-aaa[aaaa].org,0
30043,0a4bac9315565686caaafe8845915a64.3,1,20200400000000.0,1,fb61fa95e5e3f2310bffa114e3319759.73,18,aaa00a00.[aaaa]aaa.com,0
483649,698983623f3565676cff21527219505e.1,2,20200300000000.0,1,bcb83b032de182b80ece5712c129f4d3.1,1,aaaaaaa[aaaaaa][aaaaaa][aaaaaa][aaaa]aaa.a.aa[aaaaa].net,0
107099,698983623f3565676cff21527219505e.5,1,20200400000000.0,1,ed244ceb6ead45a4986b36d30e713147.16,2,aaaaaa[aaaaaa][aaaaaa][aaaaaa][aaaaaa]aa.a.aa-aaa[aaaa].org,0
624277,0a4bac9315565686caaafe8845915a64.3,2,20200400000000.0,1,fb61fa95e5e3f2310bffa114e3319759.73,4,[aaaa].[aaaa]aa.com,0
44577,0a4bac9315565686caaafe8845915a64.3,7,20200400000000.0,1,fb61fa95e5e3f2310bffa114e3319759.73,20,aaa00a00.[aaaa]aaa.com,0
862629,698983623f3565676cff21527219505e.1,1,20200400000000.0,1,b95c5303c8c0ae0424bba62fa7ff7aa9.12,1,aaaaaaa[aaaaaa][aaaaaa][aaaaaa][aaaa]aaa.a.aa-aaa[aaaa].org,0
794854,698983623f3565676cff21527219505e.5,1,20200500000000.0,1,f9c0e7f4bad2e0aa749e3205a1d1725a.40,1,aaaaaaa[aaaaaa][aaaaaa][aaaaaa][aaaa]aaa.a.aa-aaa[aaaa].org,0
659989,698983623f3565676cff21527219505e.5,1,20200500000000.0,1,fb61fa95e5e3f2310bffa114e3319759.73,4,[aaaa].[aaaa]aa.com,0
695365,698983623f3565676cff21527219505e.5,1,20200500000000.0,1,bcb83b032de182b80ece5712c129f4d3.1,1,aaaaaaa[aaaaaa][aaaaaa][aaaaaa]aaaaaaa.a.aa[aaaaa].net,0
334893,698983623f3565676cff21527219505e.2,1,20200400000000.0,1,1bc59bdbbf5f8d58a732fecc39e008f3.59,2,aaaaaaaa[aaaaaa][aaaaaa][aaaaaa]aaaaa0.a.aa-aaa[aaaa].org,0
119721,698983623f3565676cff21527219505e.6,1,20200500000000.0,1,6be454a2920235853c46297db89c1adb.32,2,aaaaaa[aaaaaa][aaaaaa][aaaaaa][aaaaaa]aa.a.aa-aaa[aaaa].org,0
439268,55240f5cb01dd24893b693404153cf89.147,2,20200300000000.0,1,1601edd391a03b1c515d47a5f98d6625.13,1,aaa0.aaaaaaa.com,0
299374,ea8fd3fba91b9c8dc632058860f53355.14,1,20200500000000.0,1,b95c5303c8c0ae0424bba62fa7ff7aa9.14,1,aaaaaaa[aaaaaa][aaaaaa][aaaaaa]aaaaaaa.a.aa-aaa[aaaa].org,0
863976,698983623f3565676cff21527219505e.1,1,20200400000000.0,1,ff355c163c883d3a3e84101a6b7c8569.1,1,aaaaaaa[aaaaaa][aaaaaa][aaaaaa][aaaa]aaa.a.aa-aaa[aaaa].org,0
266542,698983623f3565676cff21527219505e.5,1,20200400000000.0,1,b95c5303c8c0ae0424bba62fa7ff7aa9.14,1,aaaaaaa[aaaaaa][aaaaaa][aaaaaa]aaaaaaa.a.aa-aaa[aaaa].org,0
581571,2bcb50cf649b9b6dc2b055dbd27007b2.150,4,20200500000000.0,1,d80c9a40d546923bee73abcc7b2534fe.173,2,[aaaaaaaa]aaaaaaaaa.xyz,0
693993,698983623f3565676cff21527219505e.5,1,20200400000000.0,1,bcb83b032de182b80ece5712c129f4d3.1,2,aaaaaaa[aaaaaa][aaaaaa][aaaaaa]aaaaaaa.a.aa[aaaaa].net,0
780539,698983623f3565676cff21527219505e.1,2,20200300000000.0,1,e6723b23d81aeef137cc77a0f2ca0dec.11,1,aaaaaaa[aaaaaa][aaaaaa][aaaaaa][aaaa]aaa.a.aa-aaa[aaaa].org,0
824756,698983623f3565676cff21527219505e.5,2,20200400000000.0,1,6e03fb291657ed803f6b144623cdc4bf.29,8,[aaaaaa].[aaaa]aaa.com,0
984874,698983623f3565676cff21527219505e.6,1,20200400000000.0,1,570d352043e8efd1835ee37469634be6.48,1,aaaaaaa[aaaaaa][aaaaaa][aaaaaa]aaaaa0a.a.aa-aaa[aaaa].org,0
352090,698983623f3565676cff21527219505e.1,1,20200400000000.0,1,6d6562f52cbd49089b935e4b3ca94b00.48,2,[aaaaaaa].[aaaaaa][aaaaa].com,0
660398,e32962c501f0c2ed65ab00cdfeb30dbb.181,10,20200500000000.0,1,fb61fa95e5e3f2310bffa114e3319759.73,63,[aaaa].[aaaa]aa.com,0
329775,698983623f3565676cff21527219505e.1,1,20200300000000.0,1,d5b8fc586b3bf2f9924ad7ea8c21425e.20,1,aaaaaaaa[aaaaaa][aaaaaa][aaaaaa]aaaaa0.a.aa-aaa[aaaa].org,0
460898,ea8fd3fba91b9c8dc632058860f53355.14,1,20200500000000.0,1,b96ff9cb9e39dffab1adaf412f0ccb4d.67,6,[aaaaa]aaa[aaaaaa].com,0
921046,698983623f3565676cff21527219505e.2,1,20200400000000.0,1,8332328c02043e841d1fc7ff149afa39.199,4,[aaaa]aa[aaaa].net,3
577710,698983623f3565676cff21527219505e.2,1,20200400000000.0,1,bcb83b032de182b80ece5712c129f4d3.1,4,aaaaaaa[aaaaaa][aaaaaa][aaaaaa]aaaaaaa.a.aa[aaaaa].net,0
540260,698983623f3565676cff21527219505e.6,2,20200400000000.0,1,7b06119e9e0adc268a6e83bc0a9d5e87.16,3,aaaaaaa[aaaaaa][aaaaaa][aaaaaa][aaaa]aaa.a.aa-aaa[aaaa].org,0
60288,698983623f3565676cff21527219505e.2,1,20200500000000.0,1,bcb83b032de182b80ece5712c129f4d3.1,2,aaaaaaa[aaaaaa]aaa[aaaaaa][aaaaaa]aaaa.[aaaa]aaaaaaaaaaaaaaaaaa0a0aaaaaa00aaa0aaaaaaaaaaaaaaaaaaaaaa0aa.aaaaaaaaaaaaa[aaaa]aaa0a.a.aa[aaaaa].net,0
187258,698983623f3565676cff21527219505e.1,1,20200300000000.0,5,fqdn_11601,1,aaa.aaaa.club,6
737672,698983623f3565676cff21527219505e.2,1,20200300000000.0,1,364969db710c6b10cc7a5533af4b53a4.28,1,aaaaaa[aaaaaa][aaaaaa][aaaaaa][aaaaaa]aa.a.aa-aaa[aaaa].org,0
761830,698983623f3565676cff21527219505e.5,2,20200400000000.0,1,4b0a676c12f3d04dfcd3841fcb8e8985.11,1,aaa.aaa[aaaa]-[aaaaaaaa].net,2
343526,698983623f3565676cff21527219505e.1,2,20200500000000.0,1,6be454a2920235853c46297db89c1adb.32,2,aaaaaaaa[aaaaaa][aaaaaa][aaaaaa]aaaaa0.a.aa-aaa[aaaa].org,0
1041895,ea8fd3fba91b9c8dc632058860f53355.14,2,20200500000000.0,1,364969db710c6b10cc7a5533af4b53a4.28,2,aaaaaaa[aaaaaa][aaaaaa][aaaaaa]aaaaa0a.a.aa-aaa[aaaa].org,0
583953,698983623f3565676cff21527219505e.5,3,20200400000000.0,1,8bcdd1edab9ff2af03813bbc4927ff7c.221,4,[aaaaa].000aa.info,0
7064,ea8fd3fba91b9c8dc632058860f53355.14,2,20200500000000.0,1,6d6562f52cbd49089b935e4b3ca94b00.48,1,000aaaa0000000a0a000.aa[aaaa][aaaaa].com,0
45969,0a4bac9315565686caaafe8845915a64.3,1,20200400000000.0,1,fb61fa95e5e3f2310bffa114e3319759.73,20,aaa00a00.[aaaa]aaa.com,0
511674,698983623f3565676cff21527219505e.2,1,20200500000000.0,1,52b8b6175db01f3b8062766201001d24.226,1,[aaaaaaa]aa.club,4
701014,698983623f3565676cff21527219505e.5,2,20200400000000.0,1,364969db710c6b10cc7a5533af4b53a4.11,2,aaaaaaaa[aaaaaa][aaaaaa][aaaaaa]aaaaaa.a.aa-aaa[aaaa].org,0
746850,698983623f3565676cff21527219505e.5,1,20200500000000.0,1,2986f8d7fe6887b53247eec573649379.1,2,aaaaaa[aaaaaa][aaaaaa][aaaaaa][aaaaaa]aa.a.aa-aaa[aaaa].org,0
937029,698983623f3565676cff21527219505e.5,1,20200500000000.0,1,8332328c02043e841d1fc7ff149afa39.197,5,[aaaa]aa[aaaa].net,3
240650,698983623f3565676cff21527219505e.5,4,20200500000000.0,1,e6527f8943484df4a3ec324b9318c75e.12,1,aaaaaaaa[aaaaaa][aaaaaa][aaaaaa]aaaa0a.a.aa-aaa[aaaa].org,0
1008094,ea8fd3fba91b9c8dc632058860f53355.14,2,20200500000000.0,1,9eab6c2473fc63db6e7c2d9416bef553.129,3,aaaaaaa[aaaaaa][aaaaaa][aaaaaa]aaaaa0a.a.aa-aaa[aaaa].org,0
208520,698983623f3565676cff21527219505e.6,1,20200400000000.0,1,e6fc924c307f3f91451b458d1c3c1895.88,1,aaaaaaaa[aaaaaa][aaaaaa][aaaaaa]aaaaaa.a.aa-aaa[aaaa].org,0
699564,698983623f3565676cff21527219505e.2,1,20200300000000.0,1,d77c7f22a03e76f18598b97a47831d9d.20,2,aaaaaaaa[aaaaaa][aaaaaa][aaaaaa]aaaaaa.a.aa-aaa[aaaa].org,0
705600,698983623f3565676cff21527219505e.2,1,20200400000000.0,1,1601edd391a03b1c515d47a5f98d6625.13,1,aaaaaaaa[aaaaaa][aaaaaa][aaaaaa]aaaaaa.a.aa-aaa[aaaa].org,0
496462,698983623f3565676cff21527219505e.6,2,20200400000000.0,1,2986f8d7fe6887b53247eec573649379.23,1,aaaaaaaa[aaaaaa][aaaaaa][aaaaaa]aaaaaa.a.aa-aaa[aaaa].org,0
709472,698983623f3565676cff21527219505e.1,1,20200500000000.0,1,71f1c5994bd4c0c76e3448f1560cb759.183,4,aaaaaaaa[aaaaaa][aaaaaa][aaaaaa]aaaaaa.a.aa-aaa[aaaa].org,0
963873,698983623f3565676cff21527219505e.2,1,20200400000000.0,1,bcb83b032de182b80ece5712c129f4d3.1,3,aaaaaa[aaaaaa][aaaaaa][aaaaaa][aaaaaa]aa.a.aa[aaaaa].net,0
539684,698983623f3565676cff21527219505e.6,2,20200400000000.0,1,1601edd391a03b1c515d47a5f98d6625.13,1,aaaaaaa[aaaaaa][aaaaaa][aaaaaa][aaaa]aaa.a.aa-aaa[aaaa].org,0
15504,698983623f3565676cff21527219505e.1,1,20200500000000.0,1,bcb83b032de182b80ece5712c129f4d3.1,2,aaa00aaa[aaaaaa]aa[aaaaaa][aaaaaa]aaaa.a.aaa[aaaaaaa].com,0
219816,698983623f3565676cff21527219505e.6,1,20200400000000.0,1,bcb83b032de182b80ece5712c129f4d3.1,4,aaaaaaa[aaaaaa][aaaaaa][aaaaaa]aaaaaa0.a.aa[aaaaa].net,0
561529,698983623f3565676cff21527219505e.2,2,20200300000000.0,1,ddae776fe37ca0edbf241e93baddc840.140,1,aaa.aaaaaa.info,2
1022544,ea8fd3fba91b9c8dc632058860f53355.14,1,20200500000000.0,1,cb9cbc3ad716a3010c6f0f3e39137731.1,2,aaaaaaa[aaaaaa][aaaaaa][aaaaaa]aaaaa0a.a.aa-aaa[aaaa].org,0
646377,0a4bac9315565686caaafe8845915a64.3,1,20200400000000.0,1,fb61fa95e5e3f2310bffa114e3319759.73,302,[aaaa].[aaaa]aa.com,0
172240,ea8fd3fba91b9c8dc632058860f53355.14,2,20200500000000.0,1,5f9e23ebf07282b80a72ccedac14022f.16,1,aaaaaa[aaaaaa][aaaaaa][aaaaaa][aaaaaa]aa.a.aa-aaa[aaaa].org,0
779323,698983623f3565676cff21527219505e.1,1,20200500000000.0,1,bcb83b032de182b80ece5712c129f4d3.1,2,aaaaaaa[aaaaaa][aaaaaa][aaaaaa][aaaa]aaa.a.aa[aaaaa].net,0
686649,698983623f3565676cff21527219505e.6,1,20200500000000.0,1,e6fc924c307f3f91451b458d1c3c1895.88,3,aaaaaaa[aaaaaa][aaaaaa][aaaaaa][aaaa]aaa.a.aa-aaa[aaaa].org,0
296420,ea8fd3fba91b9c8dc632058860f53355.14,1,20200500000000.0,1,9e54ad255b5abf8d937d0bbe923daac0.30,1,aaaaaaa[aaaaaa][aaaaaa][aaaaaa]aaaaaaa.a.aa-aaa[aaaa].org,0
734546,698983623f3565676cff21527219505e.2,3,20200500000000.0,1,bcb83b032de182b80ece5712c129f4d3.1,1,[aaaaaa][aaaaaa][aaaaaa][aaaaaa][aaaa]aaa0.a.aaa[aaaaaaa].com,0
610911,0a4bac9315565686caaafe8845915a64.3,7,20200300000000.0,1,fb61fa95e5e3f2310bffa114e3319759.73,1,[aaaa].[aaaa]aa.com,0
102090,698983623f3565676cff21527219505e.1,3,20200400000000.0,1,ea3fef50decdeb04aaa2706038c9cbed.21,2,aaaaaa[aaaaaa][aaaaaa][aaaaaa][aaaaaa]aa.a.aa-aaa[aaaa].org,0
1015175,ea8fd3fba91b9c8dc632058860f53355.13,2,20200500000000.0,1,9febd3c674b00f807caa4021e4a8bd89.236,4,aaaaaaa[aaaaaa][aaaaaa][aaaaaa]aaaaa0a.a.aa-aaa[aaaa].org,0
941619,698983623f3565676cff21527219505e.2,1,20200400000000.0,1,6d6562f52cbd49089b935e4b3ca94b00.48,1,000aaa0a0000000a0aa000.aa[aaaa][aaaaa].com,0
82376,698983623f3565676cff21527219505e.2,1,20200400000000.0,1,63023aec6c4be8d5b25a133b7e8c2609.102,4,000[aaaa][aaaaaaa].com,0
422490,a5b089ae0f3066bd3f1bf437e1112497.30,2,20200500000000.0,1,63023aec6c4be8d5b25a133b7e8c2609.102,2,[aaaaa]a[aaaaaa].net,2
840916,698983623f3565676cff21527219505e.2,2,20200500000000.0,1,9febd3c674b00f807caa4021e4a8bd89.236,1,aaaaaaaa[aaaaaa][aaaaaa][aaaaaa]aaaaaa.a.aa-aaa[aaaa].org,0
145052,ea8fd3fba91b9c8dc632058860f53355.14,1,20200500000000.0,1,5c77168d54d125620abbf4457aeb0c28.93,2,aaaaaa[aaaaaa][aaaaaa][aaaaaa][aaaaaa]aa.a.aa-aaa[aaaa].org,0
411090,698983623f3565676cff21527219505e.2,2,20200500000000.0,1,ddae776fe37ca0edbf241e93baddc840.140,1,aaaaaa[aaaaaa][aaaaaa][aaaaaa][aaaaaa]aa.a.aa-aaa[aaaa].org,0
1042464,ea8fd3fba91b9c8dc632058860f53355.14,1,20200500000000.0,1,5c77168d54d125620abbf4457aeb0c28.91,1,aaaaaaa[aaaaaa][aaaaaa][aaaaaa]aaaaa0a.a.aa-aaa[aaaa].org,0
1035031,ea8fd3fba91b9c8dc632058860f53355.14,2,20200500000000.0,1,31d524db540e9546e379b739ee9e591b.21,2,aaaaaaa[aaaaaa][aaaaaa][aaaaaa]aaaaa0a.a.aa-aaa[aaaa].org,0
603598,0a4bac9315565686caaafe8845915a64.3,2,20200300000000.0,1,fb61fa95e5e3f2310bffa114e3319759.73,2,[aaaa].[aaaa]aa.com,0
513108,302002707ab14855ce1f09b33d678cac.45,2,20200400000000.0,1,00b27498a2c470156f638e750930a91e.24,2,aaa.aaa[aaaa].com,0
117622,698983623f3565676cff21527219505e.2,1,20200500000000.0,1,8461346253cf576b7f7de1d2db23ce20.1,1,aaaaaa[aaaaaa][aaaaaa][aaaaaa][aaaaaa]aa.a.aa-aaa[aaaa].org,0
549282,698983623f3565676cff21527219505e.1,1,20200500000000.0,1,1bc59bdbbf5f8d58a732fecc39e008f3.15,1,aaaaaaa[aaaaaa][aaaaaa][aaaaaa][aaaa]aaa.a.aa-aaa[aaaa].org,0
468233,698983623f3565676cff21527219505e.6,1,20200400000000.0,1,3b1ca23c5eaae1b544d7b9113dce8b0a.49,1,aaaaaaaa[aaaaaa][aaaaaa][aaaaaa]aaaaaa.a.aa-aaa[aaaa].org,0
864038,698983623f3565676cff21527219505e.2,1,20200400000000.0,1,3ef26b76c400c903e8721c7c385a5e89.229,1,aaaaaaa[aaaaaa][aaaaaa][aaaaaa][aaaa]aaa.a.aa-aaa[aaaa].org,0
750765,698983623f3565676cff21527219505e.5,1,20200400000000.0,1,6d6562f52cbd49089b935e4b3ca94b00.48,2,aaaa000a000000000a000.aa[aaaa][aaaaa].com,0
197504,698983623f3565676cff21527219505e.2,1,20200400000000.0,1,e6527f8943484df4a3ec324b9318c75e.12,1,aaaaaaa[aaaaaa][aaaaaa][aaaaaa]aaaaa0a.a.aa-aaa[aaaa].org,0
444352,698983623f3565676cff21527219505e.2,1,20200400000000.0,1,0944904ce7083803d00a5bbda13e6c6d.17,1,aaa0.aaaaaaa.com,0
570629,698983623f3565676cff21527219505e.6,1,20200300000000.0,1,b96ff9cb9e39dffab1adaf412f0ccb4d.67,2,aaaaaaaaaaaaaaaaaaaaaaaaaaaaaaaa.aaaaaaaa.[aaaaa]aaa[aaaaaa].com,0
609476,fcfe99947166d5af9aff2e70f83bbafa.7,4,20200300000000.0,1,fb61fa95e5e3f2310bffa114e3319759.73,1,[aaaa].[aaaa]aa.com,0
869675,698983623f3565676cff21527219505e.5,1,20200500000000.0,1,84b76c85fb1dcf96ccd26702450daf65.20,2,aaaaaaa[aaaaaa][aaaaaa][aaaaaa][aaaa]aaa.a.aa-aaa[aaaa].org,0
343831,698983623f3565676cff21527219505e.5,2,20200500000000.0,1,d311e07b16648448a4443005e4d3eacf.192,1,aaaaaaaa[aaaaaa][aaaaaa][aaaaaa]aaaaa0.a.aa-aaa[aaaa].org,0
343267,698983623f3565676cff21527219505e.2,1,20200500000000.0,1,9eab6c2473fc63db6e7c2d9416bef553.160,1,aaaaaaaa[aaaaaa][aaaaaa][aaaaaa]aaaaa0.a.aa-aaa[aaaa].org,0
663657,e32962c501f0c2ed65ab00cdfeb30dbb.181,12,20200500000000.0,1,fb61fa95e5e3f2310bffa114e3319759.73,302,[aaaa].[aaaa]aa.com,0
976339,698983623f3565676cff21527219505e.2,1,20200500000000.0,1,63023aec6c4be8d5b25a133b7e8c2609.102,3,[aaaa].[aaaa][aaaaaa].net,0
989056,698983623f3565676cff21527219505e.2,1,20200400000000.0,1,e6723b23d81aeef137cc77a0f2ca0dec.12,1,aaaaaaa[aaaaaa][aaaaaa][aaaaaa]aaaaa0a.a.aa-aaa[aaaa].org,0
541179,698983623f3565676cff21527219505e.6,2,20200400000000.0,1,f96941976bf574e40d1fd2f2c04c013e.99,1,aaaaaaa[aaaaaa][aaaaaa][aaaaaa][aaaa]aaa.a.aa-aaa[aaaa].org,0
34119,0a4bac9315565686caaafe8845915a64.3,1,20200400000000.0,1,fb61fa95e5e3f2310bffa114e3319759.73,27,aaa00a00.[aaaa]aaa.com,0
990750,698983623f3565676cff21527219505e.5,2,20200400000000.0,1,083ca96b832a7bf643e25403acd0ccba.178,2,aaaaaaa[aaaaaa][aaaaaa][aaaaaa]aaaaa0a.a.aa-aaa[aaaa].org,0
31970,0a4bac9315565686caaafe8845915a64.3,1,20200400000000.0,1,fb61fa95e5e3f2310bffa114e3319759.73,90,aaa00a00.[aaaa]aaa.com,0
454291,0e0d343ceb23fecaca5c4185f35bf330.87,2,20200500000000.0,1,6d6562f52cbd49089b935e4b3ca94b00.48,2,aa[aaaaa].com,0
533409,698983623f3565676cff21527219505e.2,1,20200500000000.0,1,b96ff9cb9e39dffab1adaf412f0ccb4d.67,1,aa.[aaaaaa]a[aaaaaa].com,0
78332,698983623f3565676cff21527219505e.2,1,20200300000000.0,1,63023aec6c4be8d5b25a133b7e8c2609.102,2,000[aaaa][aaaaaaa].com,0
484395,698983623f3565676cff21527219505e.5,2,20200400000000.0,1,bcb83b032de182b80ece5712c129f4d3.1,1,aaaaaaa[aaaaaa][aaaaaa][aaaaaa][aaaa]aaa.a.aa[aaaaa].net,0
892224,698983623f3565676cff21527219505e.2,2,20200400000000.0,1,8d3d74e8220bf638194481b1ba0badcd.55,1,aaaaaaa[aaaaaa][aaaaaa][aaaaaa][aaaa]aaa.a.aa-aaa[aaaa].org,0
830463,698983623f3565676cff21527219505e.1,1,20200300000000.0,1,d14439cff37abfaeb82c4ebd10f25679.12,1,aaaaaaaa[aaaaaa][aaaaaa][aaaaaa]aaaaaa.a.aa-aaa[aaaa].org,0
1007991,ea8fd3fba91b9c8dc632058860f53355.13,8,20200500000000.0,1,e6527f8943484df4a3ec324b9318c75e.12,6,aaaaaaa[aaaaaa][aaaaaa][aaaaaa]aaaaa0a.a.aa-aaa[aaaa].org,0
222032,698983623f3565676cff21527219505e.2,1,20200500000000.0,1,bcb83b032de182b80ece5712c129f4d3.1,3,aaaaaaa[aaaaaa][aaaaaa][aaaaaa]aaaaaa0.a.aa[aaaaa].net,0
1041276,ea8fd3fba91b9c8dc632058860f53355.14,1,20200500000000.0,1,77b486728cce8306da6a3ce75cfa2ffa.15,2,aaaaaaa[aaaaaa][aaaaaa][aaaaaa]aaaaa0a.a.aa-aaa[aaaa].org,0
429983,698983623f3565676cff21527219505e.2,1,20200400000000.0,1,364969db710c6b10cc7a5533af4b53a4.11,1,aaaaaaa[aaaaaa][aaaaaa][aaaaaa]aaaaaaa.a.aa-aaa[aaaa].org,0
299309,ea8fd3fba91b9c8dc632058860f53355.14,1,20200500000000.0,1,f96941976bf574e40d1fd2f2c04c013e.32,2,aaaaaaa[aaaaaa][aaaaaa][aaaaaa]aaaaaaa.a.aa-aaa[aaaa].org,0
470682,698983623f3565676cff21527219505e.2,1,20200400000000.0,1,2cea2019e9c0bc567739b17e4be3e1f0.1,2,aaaaaaaa[aaaaaa][aaaaaa][aaaaaa]aaaaaa.a.aa-aaa[aaaa].org,0
975925,698983623f3565676cff21527219505e.5,1,20200500000000.0,1,63023aec6c4be8d5b25a133b7e8c2609.102,2,[aaaa].[aaaa][aaaaaa].net,0
339687,698983623f3565676cff21527219505e.1,3,20200400000000.0,1,8095d90fa1b58f725edeb6ad7003b515.87,2,aaaaaaaa[aaaaaa][aaaaaa][aaaaaa]aaaaa0.a.aa-aaa[aaaa].org,0
797276,698983623f3565676cff21527219505e.5,1,20200500000000.0,1,0f2e66ec638db019462fe4828a261050.103,5,[aaaaaa].[aaaaa]aaaa.com,0
313857,698983623f3565676cff21527219505e.1,1,20200500000000.0,1,feb8fc102acdfce8b572fe0f9d6f0b45.136,2,aaaaaaa[aaaaaa][aaaaaa][aaaaaa][aaaa]aaa.a.aa-aaa[aaaa].org,0
14815,698983623f3565676cff21527219505e.2,1,20200500000000.0,1,bcb83b032de182b80ece5712c129f4d3.1,1,aaa00aaa[aaaaaa]aa[aaaaaa][aaaaaa]aaaa.a.aaa[aaaaaaa].com,0
210420,698983623f3565676cff21527219505e.1,2,20200400000000.0,1,735180e28b38e0267205480d25f09f6d.44,1,aaaaaaaa[aaaaaa][aaaaaa][aaaaaa]aaaaaa.a.aa-aaa[aaaa].org,0
55551,698983623f3565676cff21527219505e.5,1,20200400000000.0,1,babb2f0fe52afdaf3f70c91234e17fbd.37,2,[aaaaa][aaaa]aaa.com,2
407075,698983623f3565676cff21527219505e.5,1,20200400000000.0,1,2986f8d7fe6887b53247eec573649379.17,3,aaaaaa[aaaaaa][aaaaaa][aaaaaa][aaaaaa]aa.a.aa-aaa[aaaa].org,0
260655,698983623f3565676cff21527219505e.1,1,20200500000000.0,1,3ef26b76c400c903e8721c7c385a5e89.229,1,aaaaaaa[aaaaaa][aaaaaa][aaaaaa]aaaaaaa.a.aa-aaa[aaaa].org,0
314828,698983623f3565676cff21527219505e.2,2,20200500000000.0,1,ac309aed621b21d82135fce35af1ddae.66,1,aaaaaaa[aaaaaa][aaaaaa][aaaaaa][aaaa]aaa.a.aa-aaa[aaaa].org,0
826013,b5a0760775ad7f28ff69d0a493aa7545.197,1,20200500000000.0,1,6e03fb291657ed803f6b144623cdc4bf.29,1,[aaaaaa].[aaaa]aaa.com,0
291863,ea8fd3fba91b9c8dc632058860f53355.14,1,20200500000000.0,1,376e6beac949a5bcde7d9f0311377f17.14,2,aaaaaaa[aaaaaa][aaaaaa][aaaaaa]aaaaaaa.a.aa-aaa[aaaa].org,0
623914,0a4bac9315565686caaafe8845915a64.3,2,20200400000000.0,1,fb61fa95e5e3f2310bffa114e3319759.73,53,[aaaa].[aaaa]aa.com,0
1044542,ea8fd3fba91b9c8dc632058860f53355.14,2,20200500000000.0,1,3c5bb4a03e4481aaeecb804f04f041d6.162,1,aaaaaaa[aaaaaa][aaaaaa][aaaaaa]aaaaa0a.a.aa-aaa[aaaa].org,0
906288,698983623f3565676cff21527219505e.5,1,20200400000000.0,1,8332328c02043e841d1fc7ff149afa39.200,4,[aaaa]aa[aaaa].net,3
299183,ea8fd3fba91b9c8dc632058860f53355.14,1,20200500000000.0,1,cad5ef254250109902a5fdf93514f4ad.16,1,aaaaaaa[aaaaaa][aaaaaa][aaaaaa]aaaaaaa.a.aa-aaa[aaaa].org,0
598976,0a4bac9315565686caaafe8845915a64.3,5,20200300000000.0,1,fb61fa95e5e3f2310bffa114e3319759.73,1,[aaaa].[aaaa]aa.com,0
467573,698983623f3565676cff21527219505e.2,1,20200300000000.0,1,4355c2d4dfff5cdbdc060f2c27a265f2.236,1,aaaaaaaa[aaaaaa][aaaaaa][aaaaaa]aaaaaa.a.aa-aaa[aaaa].org,0
156100,ea8fd3fba91b9c8dc632058860f53355.14,2,20200500000000.0,1,9a86f44a322ae379f94598fbd81895bf.16,1,aaaaaa[aaaaaa][aaaaaa][aaaaaa][aaaaaa]aa.a.aa-aaa[aaaa].org,0
676436,698983623f3565676cff21527219505e.6,2,20200400000000.0,1,f96941976bf574e40d1fd2f2c04c013e.18,2,aaaaaaa[aaaaaa][aaaaaa][aaaaaa][aaaa]aaa.a.aa-aaa[aaaa].org,0
558199,698983623f3565676cff21527219505e.5,1,20200400000000.0,1,95ea675dd6f20a60fe9e3bee42e10acc.68,6,aaaa.us,6
974607,698983623f3565676cff21527219505e.5,1,20200500000000.0,1,63023aec6c4be8d5b25a133b7e8c2609.102,3,[aaaa].[aaaa][aaaaaa].net,0
961258,698983623f3565676cff21527219505e.1,1,20200500000000.0,1,5f9e23ebf07282b80a72ccedac14022f.16,2,aaaaaaa[aaaaaa][aaaaaa][aaaaaa][aaaa]aaa.a.aa-aaa[aaaa].org,0
547353,698983623f3565676cff21527219505e.6,1,20200500000000.0,1,f9820efbcf78fd20edcdb1d5e81aa0e6.122,1,aaaaaaa[aaaaaa][aaaaaa][aaaaaa][aaaa]aaa.a.aa-aaa[aaaa].org,0
694216,698983623f3565676cff21527219505e.2,1,20200400000000.0,1,bcb83b032de182b80ece5712c129f4d3.1,2,aaaaaaa[aaaaaa][aaaaaa][aaaaaa]aaaaaaa.a.aa[aaaaa].net,0
564732,698983623f3565676cff21527219505e.5,1,20200400000000.0,1,2bbc0b932cef06282a8811aed0b1d742.43,1,aaa.aaaaaa.info,2
209146,698983623f3565676cff21527219505e.5,2,20200400000000.0,1,fd15832377bc11b1deb06b9af7074f32.45,2,aaaaaaaa[aaaaaa][aaaaaa][aaaaaa]aaaaaa.a.aa-aaa[aaaa].org,0
210124,698983623f3565676cff21527219505e.6,2,20200400000000.0,1,05c63f09b4cb7595fcdc4fa74114922a.110,3,aaaaaaaa[aaaaaa][aaaaaa][aaaaaa]aaaaaa.a.aa-aaa[aaaa].org,0
576544,698983623f3565676cff21527219505e.1,1,20200400000000.0,1,bcb83b032de182b80ece5712c129f4d3.1,1,aaaaaaa[aaaaaa][aaaaaa][aaaaaa]aaaaaaa.a.aa[aaaaa].net,0
37985,0a4bac9315565686caaafe8845915a64.3,1,20200400000000.0,1,fb61fa95e5e3f2310bffa114e3319759.73,1,aaa00a00.[aaaa]aaa.com,0
120336,698983623f3565676cff21527219505e.6,2,20200500000000.0,1,9e54ad255b5abf8d937d0bbe923daac0.30,2,aaaaaa[aaaaaa][aaaaaa][aaaaaa][aaaaaa]aa.a.aa-aaa[aaaa].org,0
500898,698983623f3565676cff21527219505e.6,2,20200500000000.0,1,d311e07b16648448a4443005e4d3eacf.192,2,aaaaaaaa[aaaaaa][aaaaaa][aaaaaa]aaaaaa.a.aa-aaa[aaaa].org,0
905341,6cf9ba50891a84391138dd640a85dd9d.16,1,20200400000000.0,1,8332328c02043e841d1fc7ff149afa39.197,7,[aaaa]aa[aaaa].net,3
359384,698983623f3565676cff21527219505e.2,1,20200400000000.0,1,bcb83b032de182b80ece5712c129f4d3.1,1,aaa00aaa[aaaaaa]aa[aaaaaa][aaaaaa]aaaa.a.aaa[aaaaaaa].com,0
106627,698983623f3565676cff21527219505e.1,1,20200400000000.0,1,5f9e23ebf07282b80a72ccedac14022f.64,2,aaaaaa[aaaaaa][aaaaaa][aaaaaa][aaaaaa]aa.a.aa-aaa[aaaa].org,0
874885,698983623f3565676cff21527219505e.6,1,20200500000000.0,1,8461346253cf576b7f7de1d2db23ce20.23,3,aaaaaaa[aaaaaa][aaaaaa][aaaaaa][aaaa]aaa.a.aa-aaa[aaaa].org,0
625992,0a4bac9315565686caaafe8845915a64.3,1,20200400000000.0,1,fb61fa95e5e3f2310bffa114e3319759.73,1,[aaaa].[aaaa]aa.com,0
773428,698983623f3565676cff21527219505e.6,1,20200500000000.0,1,bcb83b032de182b80ece5712c129f4d3.1,2,aaaaaaa[aaaaaa][aaaaaa][aaaaaa][aaaa]aaa.a.aa[aaaaa].net,0
175141,698983623f3565676cff21527219505e.6,2,20200500000000.0,1,fde045550dfbf1043e4284c6b7f82703.68,1,aaaaaa[aaaaaa][aaaaaa][aaaaaa][aaaaaa]aa.a.aa-aaa[aaaa].org,0
437854,55240f5cb01dd24893b693404153cf89.147,2,20200300000000.0,1,443c47999064fda692ff93e6a6ca1f7b.42,2,aaa0.aaaaaaa.com,0
622004,0a4bac9315565686caaafe8845915a64.3,3,20200400000000.0,1,fb61fa95e5e3f2310bffa114e3319759.73,55,[aaaa].[aaaa]aa.com,0
758391,ea8fd3fba91b9c8dc632058860f53355.14,1,20200500000000.0,1,6d6562f52cbd49089b935e4b3ca94b00.48,2,aaaa000a000000000a000.aa[aaaa][aaaaa].com,0
1004742,698983623f3565676cff21527219505e.2,2,20200500000000.0,1,570d352043e8efd1835ee37469634be6.48,1,aaaaaaa[aaaaaa][aaaaaa][aaaaaa]aaaaa0a.a.aa-aaa[aaaa].org,0
732901,698983623f3565676cff21527219505e.5,1,20200400000000.0,1,bcb83b032de182b80ece5712c129f4d3.1,1,[aaaaaa][aaaaaa][aaaaaa][aaaaaa][aaaa]aaa0.a.aaa[aaaaaaa].com,0
391315,698983623f3565676cff21527219505e.5,3,20200400000000.0,1,ed244ceb6ead45a4986b36d30e713147.8,1,aaaaaaaa[aaaaaa][aaaaaa][aaaaaa]aaaaaa.a.aa-aaa[aaaa].org,0
549595,495d364120cb3859c8df0c97e21a5dd2.4,3,20200400000000.0,1,79984ce9e743d990ebf803dd952f2764.156,1,aaaaaaa[aaaaaa][aaaaaa][aaaaaa][aaaa]aa0.a.aa-aaa[aaaa].org,0
699948,698983623f3565676cff21527219505e.5,3,20200300000000.0,1,0c4a3e4bb13d5a8d36cd481930be0285.49,1,aaaaaaaa[aaaaaa][aaaaaa][aaaaaa]aaaaaa.a.aa-aaa[aaaa].org,0
556015,698983623f3565676cff21527219505e.5,1,20200400000000.0,5,fqdn_6621,1,aaa.[aaaaaaaa]0[aaaa].pw,5
956351,698983623f3565676cff21527219505e.1,3,20200400000000.0,1,0944904ce7083803d00a5bbda13e6c6d.1,5,aaaaaaa[aaaaaa][aaaaaa][aaaaaa][aaaa]aaa.a.aa-aaa[aaaa].org,0
795923,698983623f3565676cff21527219505e.6,1,20200500000000.0,5,fqdn_11601,1,aaa.aaaa.site,6
833388,698983623f3565676cff21527219505e.1,1,20200400000000.0,1,8461346253cf576b7f7de1d2db23ce20.1,2,aaaaaaaa[aaaaaa][aaaaaa][aaaaaa]aaaaaa.a.aa-aaa[aaaa].org,0
110222,698983623f3565676cff21527219505e.2,3,20200400000000.0,1,365b91f03fd9b91ea8d1613b1372da9e.20,2,aaaaaa[aaaaaa][aaaaaa][aaaaaa][aaaaaa]aa.a.aa-aaa[aaaa].org,0
430685,698983623f3565676cff21527219505e.2,1,20200400000000.0,1,a0b2a8631ffc70e2d75056e5fe587acc.18,1,aaaaaaa[aaaaaa][aaaaaa][aaaaaa]aaaaaaa.a.aa-aaa[aaaa].org,0
895282,698983623f3565676cff21527219505e.5,2,20200500000000.0,1,16f73f3f4a3caef42e11f992136e1027.26,2,aaaaaaa[aaaaaa][aaaaaa][aaaaaa][aaaa]aaa.a.aa-aaa[aaaa].org,0
154063,ea8fd3fba91b9c8dc632058860f53355.14,2,20200500000000.0,1,b059efbf8813f3efc56efd7860421aa8.33,4,aaaaaa[aaaaaa][aaaaaa][aaaaaa][aaaaaa]aa.a.aa-aaa[aaaa].org,0
514301,7492d35edc6145930d553e2640b58ad0.43,1,20200500000000.0,1,00b27498a2c470156f638e750930a91e.24,2,aaa.aaa[aaaa].com,0
788166,698983623f3565676cff21527219505e.2,1,20200400000000.0,1,9eab6c2473fc63db6e7c2d9416bef553.129,2,aaaaaaa[aaaaaa][aaaaaa][aaaaaa][aaaa]aaa.a.aa-aaa[aaaa].org,0
710061,698983623f3565676cff21527219505e.5,2,20200500000000.0,1,1479ab5402480de172dc6128d95827e1.74,1,aaaaaaaa[aaaaaa][aaaaaa][aaaaaa]aaaaaa.a.aa-aaa[aaaa].org,0
711928,698983623f3565676cff21527219505e.1,2,20200500000000.0,1,d5b8fc586b3bf2f9924ad7ea8c21425e.20,1,aaaaaaaa[aaaaaa][aaaaaa][aaaaaa]aaaaaa.a.aa-aaa[aaaa].org,0
678534,698983623f3565676cff21527219505e.2,2,20200400000000.0,1,35c99e04da2571dd908de710f7e0923f.29,1,aaaaaaa[aaaaaa][aaaaaa][aaaaaa][aaaa]aaa.a.aa-aaa[aaaa].org,0
613179,0a4bac9315565686caaafe8845915a64.3,1,20200300000000.0,1,fb61fa95e5e3f2310bffa114e3319759.73,21,[aaaa].[aaaa]aa.com,0
588107,698983623f3565676cff21527219505e.5,1,20200400000000.0,1,0c4a3e4bb13d5a8d36cd481930be0285.53,1,[aaaaa].000aa.info,0
577721,698983623f3565676cff21527219505e.6,2,20200400000000.0,1,bcb83b032de182b80ece5712c129f4d3.1,1,aaaaaaa[aaaaaa][aaaaaa][aaaaaa]aaaaaaa.a.aa[aaaaa].net,0
1035895,ea8fd3fba91b9c8dc632058860f53355.14,2,20200500000000.0,1,083ca96b832a7bf643e25403acd0ccba.178,1,aaaaaaa[aaaaaa][aaaaaa][aaaaaa]aaaaa0a.a.aa-aaa[aaaa].org,0
946443,ea8fd3fba91b9c8dc632058860f53355.14,1,20200500000000.0,1,6d6562f52cbd49089b935e4b3ca94b00.48,2,000aaa0a0000000a0aa000.aa[aaaa][aaaaa].com,0
412511,698983623f3565676cff21527219505e.2,2,20200500000000.0,1,d14439cff37abfaeb82c4ebd10f25679.12,2,aaaaaa[aaaaaa][aaaaaa][aaaaaa][aaaaaa]aa.a.aa-aaa[aaaa].org,0
377472,698983623f3565676cff21527219505e.1,1,20200400000000.0,1,934b23db3d7ba2da2582581064d32c5b.152,2,aaaaaaaaaaaaaaaaaaaaaaaaaaaaaaaaaaaaaaaaaaaaaaaaaaaaaaaaaaaa.aaaaaaaa.[aaaaaa]a[aaaaaa].com,0
373375,698983623f3565676cff21527219505e.2,1,20200500000000.0,1,e05fe5264edf1831182cd4615c43e17e.1,1,aaaaaaa[aaaaaa][aaaaaa][aaaaaa][aaaa]aaa.a.aa-aaa[aaaa].org,0
295006,ea8fd3fba91b9c8dc632058860f53355.14,1,20200500000000.0,1,84b76c85fb1dcf96ccd26702450daf65.20,2,aaaaaaa[aaaaaa][aaaaaa][aaaaaa]aaaaaaa.a.aa-aaa[aaaa].org,0
845258,698983623f3565676cff21527219505e.6,1,20200500000000.0,1,bcb83b032de182b80ece5712c129f4d3.1,2,aaaaaa[aaaaaa][aaaaaa][aaaaaa][aaaaaa]aa.a.aa[aaaaa].net,0
682447,698983623f3565676cff21527219505e.1,2,20200500000000.0,1,79984ce9e743d990ebf803dd952f2764.156,1,aaaaaaa[aaaaaa][aaaaaa][aaaaaa][aaaa]aaa.a.aa-aaa[aaaa].org,0
588295,698983623f3565676cff21527219505e.6,1,20200400000000.0,1,d9ea4cc9b942c504a133e94e963396a2.8,1,[aaaaa].000aa.info,0
461896,ea8fd3fba91b9c8dc632058860f53355.14,1,20200500000000.0,1,b96ff9cb9e39dffab1adaf412f0ccb4d.67,5,[aaaaa]aaa[aaaaaa].com,0
729631,698983623f3565676cff21527219505e.1,1,20200500000000.0,1,71f1c5994bd4c0c76e3448f1560cb759.182,1,aaaaaaaa[aaaaaa][aaaaaa][aaaaaa]aaaaaa.a.aa-aaa[aaaa].org,0
890532,698983623f3565676cff21527219505e.1,2,20200400000000.0,1,9b36515c664b111b8dd4cedb7c88cec6.6,1,aaaaaaa[aaaaaa][aaaaaa][aaaaaa][aaaa]aaa.a.aa-aaa[aaaa].org,0
749486,698983623f3565676cff21527219505e.5,2,20200500000000.0,1,4b0a676c12f3d04dfcd3841fcb8e8985.49,1,aaaaaa[aaaaaa][aaaaaa][aaaaaa][aaaaaa]aa.a.aa-aaa[aaaa].org,0
317693,698983623f3565676cff21527219505e.5,1,20200400000000.0,1,bcb83b032de182b80ece5712c129f4d3.1,2,aaaaaaa[aaaaaa][aaaaaa][aaaaaa][aaaa]aaa.a.aa[aaaaa].net,0
123525,698983623f3565676cff21527219505e.6,1,20200500000000.0,1,2cea2019e9c0bc567739b17e4be3e1f0.16,1,aaaaaa[aaaaaa][aaaaaa][aaaaaa][aaaaaa]aa.a.aa-aaa[aaaa].org,0
286092,ea8fd3fba91b9c8dc632058860f53355.14,1,20200500000000.0,1,ed244ceb6ead45a4986b36d30e713147.16,2,aaaaaaa[aaaaaa][aaaaaa][aaaaaa]aaaaaaa.a.aa-aaa[aaaa].org,0
434444,698983623f3565676cff21527219505e.5,1,20200500000000.0,1,77b486728cce8306da6a3ce75cfa2ffa.15,1,aaaaaaa[aaaaaa][aaaaaa][aaaaaa]aaaaaaa.a.aa-aaa[aaaa].org,0
521958,698983623f3565676cff21527219505e.2,1,20200300000000.0,1,95ea675dd6f20a60fe9e3bee42e10acc.67,1,aaaa.us,6
363479,698983623f3565676cff21527219505e.1,1,20200300000000.0,1,9eab6c2473fc63db6e7c2d9416bef553.160,1,aaaaaaa[aaaaaa][aaaaaa][aaaaaa][aaaa]aaa.a.aa-aaa[aaaa].org,0
560817,0caa8d9e72ee61e3b2e69978a01f0705.162,1,20200300000000.0,1,f96941976bf574e40d1fd2f2c04c013e.32,1,aaa.aaaaaa.info,2
266547,698983623f3565676cff21527219505e.6,1,20200400000000.0,1,2480f9e1251504eef8bbfc39494996e5.37,2,aaaaaaa[aaaaaa][aaaaaa][aaaaaa]aaaaaaa.a.aa-aaa[aaaa].org,0
753434,ea8fd3fba91b9c8dc632058860f53355.13,2,20200500000000.0,1,6d6562f52cbd49089b935e4b3ca94b00.48,1,aaaa000a000000000a000.aa[aaaa][aaaaa].com,0
650014,0a4bac9315565686caaafe8845915a64.3,1,20200400000000.0,1,fb61fa95e5e3f2310bffa114e3319759.73,1,[aaaa].[aaaa]aa.com,0
947626,ea8fd3fba91b9c8dc632058860f53355.14,1,20200500000000.0,1,6d6562f52cbd49089b935e4b3ca94b00.48,1,000aaa0a0000000a0aa000.aa[aaaa][aaaaa].com,0
131080,ea8fd3fba91b9c8dc632058860f53355.13,2,20200500000000.0,1,43ef530be8b6c474734599b09e1910d2.18,1,aaaaaa[aaaaaa][aaaaaa][aaaaaa][aaaaaa]aa.a.aa-aaa[aaaa].org,0
674792,698983623f3565676cff21527219505e.5,1,20200400000000.0,1,376e6beac949a5bcde7d9f0311377f17.14,1,aaaaaaa[aaaaaa][aaaaaa][aaaaaa][aaaa]aaa.a.aa-aaa[aaaa].org,0
908047,698983623f3565676cff21527219505e.5,1,20200400000000.0,1,8332328c02043e841d1fc7ff149afa39.197,4,[aaaa]aa[aaaa].net,3
172896,ea8fd3fba91b9c8dc632058860f53355.14,1,20200500000000.0,1,ed244ceb6ead45a4986b36d30e713147.16,1,aaaaaa[aaaaaa][aaaaaa][aaaaaa][aaaaaa]aa.a.aa-aaa[aaaa].org,0
926735,c0a6bffcbca7c5d0023bc204be4b3d97.54,1,20200500000000.0,1,8332328c02043e841d1fc7ff149afa39.197,4,[aaaa]aa[aaaa].net,3
221017,698983623f3565676cff21527219505e.5,1,20200400000000.0,1,bcb83b032de182b80ece5712c129f4d3.1,1,aaaaaaa[aaaaaa][aaaaaa][aaaaaa]aaaaaa0.a.aa[aaaaa].net,0
483845,698983623f3565676cff21527219505e.5,2,20200300000000.0,1,bcb83b032de182b80ece5712c129f4d3.1,1,aaaaaaa[aaaaaa][aaaaaa][aaaaaa][aaaa]aaa.a.aa[aaaaa].net,0
707000,698983623f3565676cff21527219505e.6,1,20200400000000.0,1,f9c0e7f4bad2e0aa749e3205a1d1725a.7,1,aaaaaaaa[aaaaaa][aaaaaa][aaaaaa]aaaaaa.a.aa-aaa[aaaa].org,0
1015488,ea8fd3fba91b9c8dc632058860f53355.13,1,20200500000000.0,1,71f1c5994bd4c0c76e3448f1560cb759.182,2,aaaaaaa[aaaaaa][aaaaaa][aaaaaa]aaaaa0a.a.aa-aaa[aaaa].org,0
699851,698983623f3565676cff21527219505e.2,2,20200300000000.0,1,7386c9041732cd890e7630f7560942d1.9,1,aaaaaaaa[aaaaaa][aaaaaa][aaaaaa]aaaaaa.a.aa-aaa[aaaa].org,0
681959,698983623f3565676cff21527219505e.5,1,20200500000000.0,1,d14439cff37abfaeb82c4ebd10f25679.12,1,aaaaaaa[aaaaaa][aaaaaa][aaaaaa][aaaa]aaa.a.aa-aaa[aaaa].org,0
906818,698983623f3565676cff21527219505e.2,1,20200400000000.0,1,8332328c02043e841d1fc7ff149afa39.199,2,[aaaa]aa[aaaa].net,3
123855,698983623f3565676cff21527219505e.2,4,20200500000000.0,1,b444a633e57a48894959219c40d9e017.17,4,aaaaaa[aaaaaa][aaaaaa][aaaaaa][aaaaaa]aa.a.aa-aaa[aaaa].org,0
984791,698983623f3565676cff21527219505e.6,1,20200400000000.0,1,f96941976bf574e40d1fd2f2c04c013e.32,6,aaaaaaa[aaaaaa][aaaaaa][aaaaaa]aaaaa0a.a.aa-aaa[aaaa].org,0
785964,698983623f3565676cff21527219505e.5,1,20200400000000.0,1,a5f95a094fc43ba112736bdcdcf1efff.231,1,aaaaaaa[aaaaaa][aaaaaa][aaaaaa][aaaa]aaa.a.aa-aaa[aaaa].org,0
452507,55240f5cb01dd24893b693404153cf89.147,2,20200500000000.0,1,443c47999064fda692ff93e6a6ca1f7b.42,1,aaa0.aaaaaaa.com,0
460564,ea8fd3fba91b9c8dc632058860f53355.14,1,20200500000000.0,1,b96ff9cb9e39dffab1adaf412f0ccb4d.67,1,[aaaaa]aaa[aaaaaa].com,0
920349,698983623f3565676cff21527219505e.5,1,20200400000000.0,1,8332328c02043e841d1fc7ff149afa39.198,4,[aaaa]aa[aaaa].net,3
836347,698983623f3565676cff21527219505e.6,1,20200400000000.0,1,d5b8fc586b3bf2f9924ad7ea8c21425e.20,1,aaaaaaaa[aaaaaa][aaaaaa][aaaaaa]aaaaaa.a.aa-aaa[aaaa].org,0
987860,698983623f3565676cff21527219505e.1,1,20200400000000.0,1,9607ff5d6a3d371366dd564b2e070ea3.24,2,aaaaaaa[aaaaaa][aaaaaa][aaaaaa]aaaaa0a.a.aa-aaa[aaaa].org,0
713123,698983623f3565676cff21527219505e.6,1,20200400000000.0,1,bcb83b032de182b80ece5712c129f4d3.1,1,aaa00aaa[aaaaaa]aa[aaaaaa][aaaaaa]aaaa.a.aaa[aaaaaaa].com,0
1035343,ea8fd3fba91b9c8dc632058860f53355.14,2,20200500000000.0,1,d5b8fc586b3bf2f9924ad7ea8c21425e.32,2,aaaaaaa[aaaaaa][aaaaaa][aaaaaa]aaaaa0a.a.aa-aaa[aaaa].org,0
127381,ea8fd3fba91b9c8dc632058860f53355.14,3,20200500000000.0,1,babb2f0fe52afdaf3f70c91234e17fbd.33,1,aaaaaa[aaaaaa][aaaaaa][aaaaaa][aaaaaa]aa.a.aa-aaa[aaaa].org,0
474054,698983623f3565676cff21527219505e.5,2,20200400000000.0,1,7386c9041732cd890e7630f7560942d1.9,3,aaaaaaaa[aaaaaa][aaaaaa][aaaaaa]aaaaaa.a.aa-aaa[aaaa].org,0
992479,698983623f3565676cff21527219505e.1,1,20200400000000.0,1,0b98010d3de11c71a0bca46b0671a4e9.149,2,aaaaaaa[aaaaaa][aaaaaa][aaaaaa]aaaaa0a.a.aa-aaa[aaaa].org,0
553447,698983623f3565676cff21527219505e.6,1,20200500000000.0,1,d80c9a40d546923bee73abcc7b2534fe.239,1,aaaa.pw,6
430067,698983623f3565676cff21527219505e.5,2,20200400000000.0,1,8461346253cf576b7f7de1d2db23ce20.17,1,aaaaaaa[aaaaaa][aaaaaa][aaaaaa]aaaaaaa.a.aa-aaa[aaaa].org,0
897202,698983623f3565676cff21527219505e.6,1,20200500000000.0,1,1601edd391a03b1c515d47a5f98d6625.13,1,aaaaaaa[aaaaaa][aaaaaa][aaaaaa][aaaa]aaa.a.aa-aaa[aaaa].org,0
306180,698983623f3565676cff21527219505e.6,3,20200400000000.0,1,a87acf052de851028de2d0a6c883c487.21,4,aaaaaaa[aaaaaa][aaaaaa][aaaaaa][aaaa]aaa.a.aa-aaa[aaaa].org,0
604211,0a4bac9315565686caaafe8845915a64.3,4,20200300000000.0,1,fb61fa95e5e3f2310bffa114e3319759.73,46,[aaaa].[aaaa]aa.com,0
769088,698983623f3565676cff21527219505e.1,1,20200500000000.0,1,192655d593d835ea5a495ce7995119af.27,1,aaa.aaa[aaaa]-[aaaaaaaa].net,2
978874,698983623f3565676cff21527219505e.1,1,20200300000000.0,1,3b1ca23c5eaae1b544d7b9113dce8b0a.49,2,aaaaaaa[aaaaaa][aaaaaa][aaaaaa]aaaaa0a.a.aa-aaa[aaaa].org,0
745699,698983623f3565676cff21527219505e.2,1,20200500000000.0,1,35c99e04da2571dd908de710f7e0923f.48,2,aaaaaa[aaaaaa][aaaaaa][aaaaaa][aaaaaa]aa.a.aa-aaa[aaaa].org,0
831765,698983623f3565676cff21527219505e.6,1,20200400000000.0,1,d14439cff37abfaeb82c4ebd10f25679.12,1,aaaaaaaa[aaaaaa][aaaaaa][aaaaaa]aaaaaa.a.aa-aaa[aaaa].org,0
1026215,ea8fd3fba91b9c8dc632058860f53355.14,1,20200500000000.0,1,365b91f03fd9b91ea8d1613b1372da9e.20,1,aaaaaaa[aaaaaa][aaaaaa][aaaaaa]aaaaa0a.a.aa-aaa[aaaa].org,0
705170,698983623f3565676cff21527219505e.1,1,20200400000000.0,1,1601edd391a03b1c515d47a5f98d6625.13,1,aaaaaaaa[aaaaaa][aaaaaa][aaaaaa]aaaaaa.a.aa-aaa[aaaa].org,0
105930,698983623f3565676cff21527219505e.6,1,20200400000000.0,1,71f1c5994bd4c0c76e3448f1560cb759.183,2,aaaaaa[aaaaaa][aaaaaa][aaaaaa][aaaaaa]aa.a.aa-aaa[aaaa].org,0
922102,698983623f3565676cff21527219505e.1,1,20200400000000.0,1,8332328c02043e841d1fc7ff149afa39.199,2,[aaaa]aa[aaaa].net,3
360657,698983623f3565676cff21527219505e.2,1,20200500000000.0,1,bcb83b032de182b80ece5712c129f4d3.1,1,aaa00aaa[aaaaaa]aa[aaaaaa][aaaaaa]aaaa.a.aaa[aaaaaaa].com,0
916509,698983623f3565676cff21527219505e.5,1,20200400000000.0,1,8332328c02043e841d1fc7ff149afa39.198,4,[aaaa]aa[aaaa].net,3
701003,698983623f3565676cff21527219505e.1,2,20200400000000.0,1,f96941976bf574e40d1fd2f2c04c013e.32,1,aaaaaaaa[aaaaaa][aaaaaa][aaaaaa]aaaaaa.a.aa-aaa[aaaa].org,0
117765,698983623f3565676cff21527219505e.2,1,20200500000000.0,1,ff355c163c883d3a3e84101a6b7c8569.23,1,aaaaaa[aaaaaa][aaaaaa][aaaaaa][aaaaaa]aa.a.aa-aaa[aaaa].org,0
1037614,ea8fd3fba91b9c8dc632058860f53355.14,1,20200500000000.0,1,d5b8fc586b3bf2f9924ad7ea8c21425e.71,2,aaaaaaa[aaaaaa][aaaaaa][aaaaaa]aaaaa0a.a.aa-aaa[aaaa].org,0
391195,698983623f3565676cff21527219505e.2,2,20200400000000.0,1,8461346253cf576b7f7de1d2db23ce20.17,1,aaaaaaaa[aaaaaa][aaaaaa][aaaaaa]aaaaaa.a.aa-aaa[aaaa].org,0
885859,698983623f3565676cff21527219505e.6,1,20200300000000.0,1,9a86f44a322ae379f94598fbd81895bf.16,1,aaaaaaa[aaaaaa][aaaaaa][aaaaaa][aaaa]aaa.a.aa-aaa[aaaa].org,0
66092,698983623f3565676cff21527219505e.6,1,20200400000000.0,1,376e6beac949a5bcde7d9f0311377f17.97,1,aaaaaaa[aaaaaa][aaaaaa][aaaaaa]aaaaaaa.a.aa-aaa[aaaa].org,0
900713,ea8fd3fba91b9c8dc632058860f53355.13,1,20200500000000.0,1,34627131364661a1129bfe7f890f8ddc.28,1,aaaaaaa[aaaaaa][aaaaaa][aaaaaa][aaaa]aaa.a.aa-aaa[aaaa].org,0
758114,ea8fd3fba91b9c8dc632058860f53355.14,2,20200500000000.0,1,6d6562f52cbd49089b935e4b3ca94b00.48,5,aaaa000a000000000a000.aa[aaaa][aaaaa].com,0
385406,698983623f3565676cff21527219505e.2,2,20200300000000.0,1,7c102e8994d1c0cd23327e0b314c14f1.11,1,aaaaaaaa[aaaaaa][aaaaaa][aaaaaa]aaaaaa.a.aa-aaa[aaaa].org,0
603547,0a4bac9315565686caaafe8845915a64.3,4,20200300000000.0,1,fb61fa95e5e3f2310bffa114e3319759.73,251,[aaaa].[aaaa]aa.com,0
604818,0a4bac9315565686caaafe8845915a64.3,1,20200300000000.0,1,fb61fa95e5e3f2310bffa114e3319759.73,5,[aaaa].[aaaa]aa.com,0
753587,698983623f3565676cff21527219505e.5,1,20200500000000.0,1,6d6562f52cbd49089b935e4b3ca94b00.48,2,aaaa000a000000000a000.aa[aaaa][aaaaa].com,0
754857,ea8fd3fba91b9c8dc632058860f53355.14,1,20200500000000.0,1,6d6562f52cbd49089b935e4b3ca94b00.48,2,aaaa000a000000000a000.aa[aaaa][aaaaa].com,0
68510,698983623f3565676cff21527219505e.6,2,20200400000000.0,1,ac309aed621b21d82135fce35af1ddae.65,2,aaaaaaa[aaaaaa][aaaaaa][aaaaaa]aaaaaaa.a.aa-aaa[aaaa].org,0
1013227,ea8fd3fba91b9c8dc632058860f53355.14,1,20200500000000.0,1,3b32b79e051ec957ae9f9db551596a54.172,1,aaaaaaa[aaaaaa][aaaaaa][aaaaaa]aaaaa0a.a.aa-aaa[aaaa].org,0
551836,5bd34f0929fdde8886bb1f67f62d692a.146,1,20200400000000.0,1,3b32b79e051ec957ae9f9db551596a54.172,1,aaa[aaaa]-[aaaaaaaa].net,2
408655,698983623f3565676cff21527219505e.5,2,20200400000000.0,1,ff355c163c883d3a3e84101a6b7c8569.54,2,aaaaaa[aaaaaa][aaaaaa][aaaaaa][aaaaaa]aa.a.aa-aaa[aaaa].org,0
723696,698983623f3565676cff21527219505e.5,1,20200400000000.0,1,2480f9e1251504eef8bbfc39494996e5.37,1,aaaaaaaa[aaaaaa][aaaaaa][aaaaaa]aaaaaa.a.aa-aaa[aaaa].org,0
824230,495d364120cb3859c8df0c97e21a5dd2.4,1,20200400000000.0,1,ad26f3a9a4f18b8ba885f88aa9a1c571.43,5,[aaaaaa].[aaaa]aaa.com,0
940261,698983623f3565676cff21527219505e.2,1,20200500000000.0,1,8332328c02043e841d1fc7ff149afa39.199,1,[aaaa]aa[aaaa].net,3
893585,698983623f3565676cff21527219505e.2,2,20200400000000.0,1,f9820efbcf78fd20edcdb1d5e81aa0e6.122,2,aaaaaaa[aaaaaa][aaaaaa][aaaaaa][aaaa]aaa.a.aa-aaa[aaaa].org,0
29354,0a4bac9315565686caaafe8845915a64.3,2,20200400000000.0,1,fb61fa95e5e3f2310bffa114e3319759.73,1,aaa00a00.[aaaa]aaa.com,0
129070,ea8fd3fba91b9c8dc632058860f53355.13,2,20200500000000.0,1,5c77168d54d125620abbf4457aeb0c28.93,2,aaaaaa[aaaaaa][aaaaaa][aaaaaa][aaaaaa]aa.a.aa-aaa[aaaa].org,0
658179,de6cb1d5224faea9698405abb0372fc6.127,5,20200400000000.0,1,fb61fa95e5e3f2310bffa114e3319759.73,9,[aaaa].[aaaa]aa.com,0
610138,fcfe99947166d5af9aff2e70f83bbafa.7,3,20200300000000.0,1,fb61fa95e5e3f2310bffa114e3319759.73,1,[aaaa].[aaaa]aa.com,0
345000,698983623f3565676cff21527219505e.2,1,20200500000000.0,1,997395195a160038fd7888a40c621e6c.244,4,aaaaaaaa[aaaaaa][aaaaaa][aaaaaa]aaaaa0.a.aa-aaa[aaaa].org,0
64315,698983623f3565676cff21527219505e.5,4,20200400000000.0,1,31d524db540e9546e379b739ee9e591b.32,2,aaaaaaa[aaaaaa][aaaaaa][aaaaaa]aaaaaaa.a.aa-aaa[aaaa].org,0
102198,698983623f3565676cff21527219505e.1,3,20200400000000.0,1,5f9e23ebf07282b80a72ccedac14022f.101,3,aaaaaa[aaaaaa][aaaaaa][aaaaaa][aaaaaa]aa.a.aa-aaa[aaaa].org,0
231824,698983623f3565676cff21527219505e.6,1,20200400000000.0,1,e9227bf48b1487a5353539ef8a28959a.30,4,aaaaaaaa[aaaaaa][aaaaaa][aaaaaa]aaaa0a.a.aa-aaa[aaaa].org,0
996066,698983623f3565676cff21527219505e.1,1,20200500000000.0,1,e6723b23d81aeef137cc77a0f2ca0dec.11,2,aaaaaaa[aaaaaa][aaaaaa][aaaaaa]aaaaa0a.a.aa-aaa[aaaa].org,0
715065,698983623f3565676cff21527219505e.6,1,20200300000000.0,1,e9227bf48b1487a5353539ef8a28959a.142,1,aaaaaaaa[aaaaaa][aaaaaa][aaaaaa]aaaaaa.a.aa-aaa[aaaa].org,0
804779,698983623f3565676cff21527219505e.6,2,20200400000000.0,1,77b486728cce8306da6a3ce75cfa2ffa.15,2,aaaaaa[aaaaaa][aaaaaa][aaaaaa][aaaaaa]aa.a.aa-aaa[aaaa].org,0
764025,698983623f3565676cff21527219505e.2,1,20200400000000.0,1,9607ff5d6a3d371366dd564b2e070ea3.24,1,aaa.aaa[aaaa]-[aaaaaaaa].net,2
387635,698983623f3565676cff21527219505e.1,1,20200400000000.0,1,9e54ad255b5abf8d937d0bbe923daac0.31,1,aaaaaaaa[aaaaaa][aaaaaa][aaaaaa]aaaaaa.a.aa-aaa[aaaa].org,0
222206,ea8fd3fba91b9c8dc632058860f53355.15,1,20200500000000.0,1,bcb83b032de182b80ece5712c129f4d3.1,1,aaaaaaa[aaaaaa][aaaaaa][aaaaaa]aaaaaa0.a.aa[aaaaa].net,0
709124,698983623f3565676cff21527219505e.5,2,20200500000000.0,1,71f1c5994bd4c0c76e3448f1560cb759.183,4,aaaaaaaa[aaaaaa][aaaaaa][aaaaaa]aaaaaa.a.aa-aaa[aaaa].org,0
1008780,ea8fd3fba91b9c8dc632058860f53355.14,2,20200500000000.0,1,c50fc725f968219372320c03a0ff6e8d.22,1,aaaaaaa[aaaaaa][aaaaaa][aaaaaa]aaaaa0a.a.aa-aaa[aaaa].org,0
259018,698983623f3565676cff21527219505e.5,2,20200500000000.0,1,33ef190e05868c5967c45089743c41c8.48,3,aaaaaaa[aaaaaa][aaaaaa][aaaaaa]aaaaaaa.a.aa-aaa[aaaa].org,0
356970,698983623f3565676cff21527219505e.1,2,20200500000000.0,1,6d6562f52cbd49089b935e4b3ca94b00.48,2,[aaaaaaa].[aaaaaa][aaaaa].com,0
2908,ea8fd3fba91b9c8dc632058860f53355.14,1,20200500000000.0,1,6d6562f52cbd49089b935e4b3ca94b00.48,1,000aaaa0000000a0a000.aa[aaaa][aaaaa].com,0
823627,698983623f3565676cff21527219505e.1,1,20200300000000.0,1,ad26f3a9a4f18b8ba885f88aa9a1c571.43,1,[aaaaaa].[aaaa]aaa.com,0
1045311,ea8fd3fba91b9c8dc632058860f53355.14,2,20200500000000.0,1,364969db710c6b10cc7a5533af4b53a4.28,2,aaaaaaa[aaaaaa][aaaaaa][aaaaaa]aaaaa0a.a.aa-aaa[aaaa].org,0
719399,698983623f3565676cff21527219505e.2,1,20200400000000.0,1,083ca96b832a7bf643e25403acd0ccba.178,4,aaaaaaaa[aaaaaa][aaaaaa][aaaaaa]aaaaaa.a.aa-aaa[aaaa].org,0
68477,698983623f3565676cff21527219505e.5,2,20200400000000.0,1,0b98010d3de11c71a0bca46b0671a4e9.149,1,aaaaaaa[aaaaaa][aaaaaa][aaaaaa]aaaaaaa.a.aa-aaa[aaaa].org,0
829679,ea8fd3fba91b9c8dc632058860f53355.13,2,20200500000000.0,1,bcb83b032de182b80ece5712c129f4d3.1,3,aaa00aaa[aaaaaa][aaaaaa][aaaaaa]aaaaaa.a.aaa[aaaaaaa].com,0
427105,698983623f3565676cff21527219505e.5,2,20200400000000.0,1,cb9cbc3ad716a3010c6f0f3e39137731.1,4,aaaaaaa[aaaaaa][aaaaaa][aaaaaa]aaaaaaa.a.aa-aaa[aaaa].org,0
985593,698983623f3565676cff21527219505e.1,1,20200400000000.0,1,9eab6c2473fc63db6e7c2d9416bef553.86,2,aaaaaaa[aaaaaa][aaaaaa][aaaaaa]aaaaa0a.a.aa-aaa[aaaa].org,0
521175,ea8fd3fba91b9c8dc632058860f53355.14,2,20200500000000.0,5,fqdn_6621,1,aaa.[aaaaaaaa]0[aaaa].pw,5
1002032,698983623f3565676cff21527219505e.6,2,20200500000000.0,1,2bbc0b932cef06282a8811aed0b1d742.43,1,aaaaaaa[aaaaaa][aaaaaa][aaaaaa]aaaaa0a.a.aa-aaa[aaaa].org,0
45962,0a4bac9315565686caaafe8845915a64.3,1,20200400000000.0,1,fb61fa95e5e3f2310bffa114e3319759.73,1,aaa00a00.[aaaa]aaa.com,0
124586,698983623f3565676cff21527219505e.1,1,20200500000000.0,1,37f1b5a3cfdfd8c98c0588a236ad9bcd.242,1,aaaaaa[aaaaaa][aaaaaa][aaaaaa][aaaaaa]aa.a.aa-aaa[aaaa].org,0
919631,c0a6bffcbca7c5d0023bc204be4b3d97.53,1,20200400000000.0,1,8332328c02043e841d1fc7ff149afa39.197,6,[aaaa]aa[aaaa].net,3
778881,698983623f3565676cff21527219505e.2,2,20200500000000.0,1,bcb83b032de182b80ece5712c129f4d3.1,2,aaaaaaa[aaaaaa][aaaaaa][aaaaaa][aaaa]aaa.a.aa[aaaaa].net,0
841220,698983623f3565676cff21527219505e.6,2,20200500000000.0,1,f9c0e7f4bad2e0aa749e3205a1d1725a.40,1,aaaaaaaa[aaaaaa][aaaaaa][aaaaaa]aaaaaa.a.aa-aaa[aaaa].org,0
336165,698983623f3565676cff21527219505e.1,1,20200400000000.0,1,77b486728cce8306da6a3ce75cfa2ffa.12,3,aaaaaaaa[aaaaaa][aaaaaa][aaaaaa]aaaaa0.a.aa-aaa[aaaa].org,0
775219,698983623f3565676cff21527219505e.6,1,20200300000000.0,1,bcb83b032de182b80ece5712c129f4d3.1,1,aaaaaaa[aaaaaa][aaaaaa][aaaaaa][aaaa]aaa.a.aa[aaaaa].net,0
485403,698983623f3565676cff21527219505e.6,1,20200400000000.0,1,bcb83b032de182b80ece5712c129f4d3.1,1,aaaaaaa[aaaaaa][aaaaaa][aaaaaa][aaaa]aaa.a.aa[aaaaa].net,0
21159,0a4bac9315565686caaafe8845915a64.3,1,20200300000000.0,1,fb61fa95e5e3f2310bffa114e3319759.73,27,aaa00a00.[aaaa]aaa.com,0
410277,698983623f3565676cff21527219505e.2,5,20200500000000.0,1,3ef26b76c400c903e8721c7c385a5e89.229,2,aaaaaa[aaaaaa][aaaaaa][aaaaaa][aaaaaa]aa.a.aa-aaa[aaaa].org,0
126834,ea8fd3fba91b9c8dc632058860f53355.14,3,20200500000000.0,1,5f9e23ebf07282b80a72ccedac14022f.16,1,aaaaaa[aaaaaa][aaaaaa][aaaaaa][aaaaaa]aa.a.aa-aaa[aaaa].org,0
510732,698983623f3565676cff21527219505e.1,1,20200300000000.0,1,52b8b6175db01f3b8062766201001d24.226,1,[aaaaaaa]aa.club,4
647470,0a4bac9315565686caaafe8845915a64.3,2,20200400000000.0,1,fb61fa95e5e3f2310bffa114e3319759.73,63,[aaaa].[aaaa]aa.com,0
40130,0a4bac9315565686caaafe8845915a64.3,1,20200400000000.0,1,fb61fa95e5e3f2310bffa114e3319759.73,90,aaa00a00.[aaaa]aaa.com,0
592249,698983623f3565676cff21527219505e.6,1,20200500000000.0,1,8bcdd1edab9ff2af03813bbc4927ff7c.221,4,[aaaaa].000aa.info,0
971717,ffb09f1a240b1c6860977199b705bc52.177,2,20200400000000.0,1,63023aec6c4be8d5b25a133b7e8c2609.102,2,[aaaa].[aaaa][aaaaaa].net,0
194303,698983623f3565676cff21527219505e.2,3,20200400000000.0,1,2cea2019e9c0bc567739b17e4be3e1f0.16,2,aaaaaaa[aaaaaa][aaaaaa][aaaaaa]aaaaa0a.a.aa-aaa[aaaa].org,0
108253,698983623f3565676cff21527219505e.5,1,20200400000000.0,1,909e056a174fce5a490a709b95fec94a.210,3,aaaaaa[aaaaaa][aaaaaa][aaaaaa][aaaaaa]aa.a.aa-aaa[aaaa].org,0
329220,698983623f3565676cff21527219505e.5,1,20200500000000.0,1,6d6562f52cbd49089b935e4b3ca94b00.48,3,aaa[aaaa][aaaaaaaa].com,0
470120,698983623f3565676cff21527219505e.5,1,20200400000000.0,1,d9ea4cc9b942c504a133e94e963396a2.16,2,aaaaaaaa[aaaaaa][aaaaaa][aaaaaa]aaaaaa.a.aa-aaa[aaaa].org,0
1033640,ea8fd3fba91b9c8dc632058860f53355.14,2,20200500000000.0,1,9a86f44a322ae379f94598fbd81895bf.16,1,aaaaaaa[aaaaaa][aaaaaa][aaaaaa]aaaaa0a.a.aa-aaa[aaaa].org,0
342901,698983623f3565676cff21527219505e.5,1,20200500000000.0,1,ff355c163c883d3a3e84101a6b7c8569.54,2,aaaaaaaa[aaaaaa][aaaaaa][aaaaaa]aaaaa0.a.aa-aaa[aaaa].org,0
12266,698983623f3565676cff21527219505e.2,1,20200400000000.0,1,bcb83b032de182b80ece5712c129f4d3.1,1,aaa00aaa[aaaaaa]aa[aaaaaa][aaaaaa]aaaa.a.aaa[aaaaaaa].com,0
629296,0a4bac9315565686caaafe8845915a64.3,2,20200400000000.0,1,fb61fa95e5e3f2310bffa114e3319759.73,78,[aaaa].[aaaa]aa.com,0
893226,698983623f3565676cff21527219505e.2,1,20200400000000.0,1,8461346253cf576b7f7de1d2db23ce20.23,1,aaaaaaa[aaaaaa][aaaaaa][aaaaaa][aaaa]aaa.a.aa-aaa[aaaa].org,0
142380,ea8fd3fba91b9c8dc632058860f53355.13,1,20200500000000.0,1,cad5ef254250109902a5fdf93514f4ad.16,2,aaaaaa[aaaaaa][aaaaaa][aaaaaa][aaaaaa]aa.a.aa-aaa[aaaa].org,0
938131,698983623f3565676cff21527219505e.5,1,20200500000000.0,1,8332328c02043e841d1fc7ff149afa39.197,1,[aaaa]aa[aaaa].net,3
1037385,ea8fd3fba91b9c8dc632058860f53355.14,1,20200500000000.0,1,16f73f3f4a3caef42e11f992136e1027.26,3,aaaaaaa[aaaaaa][aaaaaa][aaaaaa]aaaaa0a.a.aa-aaa[aaaa].org,0
796509,698983623f3565676cff21527219505e.2,1,20200400000000.0,1,0f2e66ec638db019462fe4828a261050.103,1,[aaaaaa].[aaaaa]aaaa.com,0
437345,55240f5cb01dd24893b693404153cf89.147,1,20200300000000.0,1,365b91f03fd9b91ea8d1613b1372da9e.74,1,aaa0.aaaaaaa.com,0
664655,ad92a59bae8ebd922f771145441d6759.20,1,20200500000000.0,1,fb61fa95e5e3f2310bffa114e3319759.73,6,[aaaa].[aaaa]aa.com,0
960658,698983623f3565676cff21527219505e.5,3,20200500000000.0,1,d5b8fc586b3bf2f9924ad7ea8c21425e.71,1,aaaaaaa[aaaaaa][aaaaaa][aaaaaa][aaaa]aaa.a.aa-aaa[aaaa].org,0
1025836,ea8fd3fba91b9c8dc632058860f53355.14,1,20200500000000.0,1,15414d875c7c47692a0d312711e1f470.7,1,aaaaaaa[aaaaaa][aaaaaa][aaaaaa]aaaaa0a.a.aa-aaa[aaaa].org,0
498549,698983623f3565676cff21527219505e.6,1,20200500000000.0,1,ac309aed621b21d82135fce35af1ddae.65,1,aaaaaaaa[aaaaaa][aaaaaa][aaaaaa]aaaaaa.a.aa-aaa[aaaa].org,0
956957,698983623f3565676cff21527219505e.6,2,20200400000000.0,1,b95c5303c8c0ae0424bba62fa7ff7aa9.12,1,aaaaaaa[aaaaaa][aaaaaa][aaaaaa][aaaa]aaa.a.aa-aaa[aaaa].org,0
207268,698983623f3565676cff21527219505e.6,2,20200500000000.0,1,b055207d1a4ce8395612c9190d50bd6e.248,1,aaaaaaa[aaaaaa][aaaaaa][aaaaaa]aaaaa0a.a.aa-aaa[aaaa].org,0
200820,698983623f3565676cff21527219505e.5,1,20200500000000.0,1,b055207d1a4ce8395612c9190d50bd6e.248,1,aaaaaaa[aaaaaa][aaaaaa][aaaaaa]aaaaa0a.a.aa-aaa[aaaa].org,0
437060,55240f5cb01dd24893b693404153cf89.147,3,20200300000000.0,1,142ac13f4baa5b61c4f131f497a68e46.1,1,aaa0.aaaaaaa.com,0
818307,698983623f3565676cff21527219505e.2,1,20200500000000.0,1,bcb83b032de182b80ece5712c129f4d3.1,16,aaaaaaa[aaaaaa][aaaaaa][aaaaaa]aaaaaa0.a.aa[aaaaa].net,0
11822,698983623f3565676cff21527219505e.5,1,20200500000000.0,1,bcb83b032de182b80ece5712c129f4d3.1,3,aaa00aaa[aaaaaa][aaaaaa][aaaaaa]aaaaaa.a.aaa[aaaaaaa].com,0
820843,ea8fd3fba91b9c8dc632058860f53355.14,1,20200500000000.0,1,bcb83b032de182b80ece5712c129f4d3.1,4,aaaaaaa[aaaaaa][aaaaaa][aaaaaa]aaaaaa0.a.aa[aaaaa].net,0
79336,94953e259992d2243cc90be061891471.169,1,20200400000000.0,1,30bdb8eb1ba3d5714b3fd901e80cfab9.0,2,000[aaaa][aaaaaaa].com,0
573955,698983623f3565676cff21527219505e.6,2,20200500000000.0,1,f91f920a0023105575f86250d3c930a0.145,4,aaaaaaaaaaaaaaaaaaaaaaaaaaaaaaaa.aaaaaaaa.[aaaaa]aaa[aaaaaa].com,0
650741,0a4bac9315565686caaafe8845915a64.3,1,20200400000000.0,1,fb61fa95e5e3f2310bffa114e3319759.73,77,[aaaa].[aaaa]aa.com,0
762133,698983623f3565676cff21527219505e.2,1,20200400000000.0,1,ac309aed621b21d82135fce35af1ddae.66,1,aaa.aaa[aaaa]-[aaaaaaaa].net,2
710657,698983623f3565676cff21527219505e.2,1,20200500000000.0,1,365b91f03fd9b91ea8d1613b1372da9e.74,2,aaaaaaaa[aaaaaa][aaaaaa][aaaaaa]aaaaaa.a.aa-aaa[aaaa].org,0
773430,698983623f3565676cff21527219505e.6,1,20200500000000.0,1,bcb83b032de182b80ece5712c129f4d3.1,1,aaaaaaa[aaaaaa][aaaaaa][aaaaaa][aaaa]aaa.a.aa[aaaaa].net,0
1008721,ea8fd3fba91b9c8dc632058860f53355.14,2,20200500000000.0,1,feb8fc102acdfce8b572fe0f9d6f0b45.136,1,aaaaaaa[aaaaaa][aaaaaa][aaaaaa]aaaaa0a.a.aa-aaa[aaaa].org,0
924452,698983623f3565676cff21527219505e.2,1,20200500000000.0,1,8332328c02043e841d1fc7ff149afa39.198,1,[aaaa]aa[aaaa].net,3
920179,698983623f3565676cff21527219505e.5,1,20200400000000.0,1,8332328c02043e841d1fc7ff149afa39.197,4,[aaaa]aa[aaaa].net,3
692777,698983623f3565676cff21527219505e.2,1,20200400000000.0,1,bcb83b032de182b80ece5712c129f4d3.1,2,aaaaaaa[aaaaaa][aaaaaa][aaaaaa]aaaaaaa.a.aa[aaaaa].net,0
789601,698983623f3565676cff21527219505e.1,4,20200400000000.0,1,91bbd9d96aceb1957c99d79935e919a1.131,1,aaaaaaa[aaaaaa][aaaaaa][aaaaaa][aaaa]aaa.a.aa-aaa[aaaa].org,0
850976,698983623f3565676cff21527219505e.5,1,20200400000000.0,1,bcb83b032de182b80ece5712c129f4d3.1,4,aaaaaaa[aaaaaa][aaaaaa][aaaaaa]aaaaa0a.a.aa[aaaaa].net,0
355411,698983623f3565676cff21527219505e.5,1,20200500000000.0,1,6d6562f52cbd49089b935e4b3ca94b00.48,4,[aaaaaaa].[aaaaaa][aaaaa].com,0
968856,698983623f3565676cff21527219505e.1,1,20200500000000.0,5,fqdn_11601,1,aaa.aaaa.us,6
8396,698983623f3565676cff21527219505e.1,1,20200300000000.0,1,bcb83b032de182b80ece5712c129f4d3.1,1,aaa00aaa[aaaaaa][aaaaaa][aaaaaa]aaaaaa.a.aaa[aaaaaaa].com,0
468805,698983623f3565676cff21527219505e.5,2,20200400000000.0,1,5db4097cb7fcb8697eeab531cd4d0ba1.89,1,aaaaaaaa[aaaaaa][aaaaaa][aaaaaa]aaaaaa.a.aa-aaa[aaaa].org,0
284213,ea8fd3fba91b9c8dc632058860f53355.13,2,20200500000000.0,1,8461346253cf576b7f7de1d2db23ce20.17,1,aaaaaaa[aaaaaa][aaaaaa][aaaaaa]aaaaaaa.a.aa-aaa[aaaa].org,0
652869,58bdf5e331c99d4f384cbb59f98b1f5a.101,6,20200400000000.0,1,fb61fa95e5e3f2310bffa114e3319759.73,244,[aaaa].[aaaa]aa.com,0
328194,698983623f3565676cff21527219505e.1,2,20200500000000.0,1,6d6562f52cbd49089b935e4b3ca94b00.48,7,aaa[aaaa][aaaaaaaa].com,0
963776,698983623f3565676cff21527219505e.2,1,20200400000000.0,1,bcb83b032de182b80ece5712c129f4d3.1,3,aaaaaa[aaaaaa][aaaaaa][aaaaaa][aaaaaa]aa.a.aa[aaaaa].net,0
900915,698983623f3565676cff21527219505e.6,3,20200500000000.0,1,365b91f03fd9b91ea8d1613b1372da9e.20,1,aaaaaaa[aaaaaa][aaaaaa][aaaaaa][aaaa]aaa.a.aa-aaa[aaaa].org,0
343772,698983623f3565676cff21527219505e.5,2,20200500000000.0,1,77b486728cce8306da6a3ce75cfa2ffa.15,1,aaaaaaaa[aaaaaa][aaaaaa][aaaaaa]aaaaa0.a.aa-aaa[aaaa].org,0
233463,698983623f3565676cff21527219505e.5,1,20200400000000.0,1,376e6beac949a5bcde7d9f0311377f17.209,4,aaaaaaaa[aaaaaa][aaaaaa][aaaaaa]aaaa0a.a.aa-aaa[aaaa].org,0
178286,ea8fd3fba91b9c8dc632058860f53355.14,4,20200500000000.0,1,365b91f03fd9b91ea8d1613b1372da9e.74,1,aaaaaa[aaaaaa][aaaaaa][aaaaaa][aaaaaa]aa.a.aa-aaa[aaaa].org,0
724713,698983623f3565676cff21527219505e.6,2,20200400000000.0,1,d5b8fc586b3bf2f9924ad7ea8c21425e.32,1,aaaaaaaa[aaaaaa][aaaaaa][aaaaaa]aaaaaa.a.aa-aaa[aaaa].org,0
328729,698983623f3565676cff21527219505e.2,2,20200500000000.0,1,6d6562f52cbd49089b935e4b3ca94b00.48,4,aaa[aaaa][aaaaaaaa].com,0
139489,ea8fd3fba91b9c8dc632058860f53355.14,1,20200500000000.0,1,b85ba107cd954ec10b40801d9a4a958f.112,1,aaaaaa[aaaaaa][aaaaaa][aaaaaa][aaaaaa]aa.a.aa-aaa[aaaa].org,0
217760,698983623f3565676cff21527219505e.2,1,20200500000000.0,1,e6527f8943484df4a3ec324b9318c75e.40,1,aaaaaaaa[aaaaaa][aaaaaa][aaaaaa]aaaaaa.a.aa-aaa[aaaa].org,0
495833,698983623f3565676cff21527219505e.1,1,20200400000000.0,1,9e54ad255b5abf8d937d0bbe923daac0.31,2,aaaaaaaa[aaaaaa][aaaaaa][aaaaaa]aaaaaa.a.aa-aaa[aaaa].org,0
557317,495d364120cb3859c8df0c97e21a5dd2.1,2,20200400000000.0,1,7386c9041732cd890e7630f7560942d1.9,1,aaaaaa[aaaaaa][aaaaaa][aaaaaa][aaaa]aaa0.a.aa-aaa[aaaa].org,0
606910,fcfe99947166d5af9aff2e70f83bbafa.7,3,20200300000000.0,1,fb61fa95e5e3f2310bffa114e3319759.73,62,[aaaa].[aaaa]aa.com,0
1014580,ea8fd3fba91b9c8dc632058860f53355.13,2,20200500000000.0,1,7386c9041732cd890e7630f7560942d1.9,8,aaaaaaa[aaaaaa][aaaaaa][aaaaaa]aaaaa0a.a.aa-aaa[aaaa].org,0
667827,698983623f3565676cff21527219505e.2,1,20200500000000.0,1,fb61fa95e5e3f2310bffa114e3319759.73,46,[aaaa].[aaaa]aa.com,0
320286,698983623f3565676cff21527219505e.2,1,20200300000000.0,1,6d6562f52cbd49089b935e4b3ca94b00.48,8,aaa[aaaa][aaaaaaaa].com,0
186031,c5f7c450d3467330f068804a8b8eaffa.125,1,20200500000000.0,1,d80c9a40d546923bee73abcc7b2534fe.176,1,[aaaa]aaa[aaaa]aaa.xyz,0
350509,698983623f3565676cff21527219505e.6,1,20200400000000.0,1,6d6562f52cbd49089b935e4b3ca94b00.48,6,[aaaaaaa].[aaaaaa][aaaaa].com,0
126260,ea8fd3fba91b9c8dc632058860f53355.14,4,20200500000000.0,1,ed244ceb6ead45a4986b36d30e713147.16,1,aaaaaa[aaaaaa][aaaaaa][aaaaaa][aaaaaa]aa.a.aa-aaa[aaaa].org,0
398251,698983623f3565676cff21527219505e.1,1,20200500000000.0,1,d5fb1fb410d9ef36948d2170b7941522.94,1,aaaaaaaa[aaaaaa][aaaaaa][aaaaaa]aaaaaa.a.aa-aaa[aaaa].org,0
7428,ea8fd3fba91b9c8dc632058860f53355.14,2,20200500000000.0,1,6d6562f52cbd49089b935e4b3ca94b00.48,5,000aaaa0000000a0a000.aa[aaaa][aaaaa].com,0
405538,698983623f3565676cff21527219505e.6,3,20200400000000.0,1,997395195a160038fd7888a40c621e6c.244,1,aaaaaa[aaaaaa][aaaaaa][aaaaaa][aaaaaa]aa.a.aa-aaa[aaaa].org,0
565156,698983623f3565676cff21527219505e.5,1,20200400000000.0,1,d5b8fc586b3bf2f9924ad7ea8c21425e.20,1,aaa.aaaaaa.info,2
778636,698983623f3565676cff21527219505e.1,1,20200500000000.0,1,bcb83b032de182b80ece5712c129f4d3.1,1,aaaaaaa[aaaaaa][aaaaaa][aaaaaa][aaaa]aaa.a.aa[aaaaa].net,0
463893,698983623f3565676cff21527219505e.5,2,20200500000000.0,1,b96ff9cb9e39dffab1adaf412f0ccb4d.67,6,[aaaaa]aaa[aaaaaa].com,0
542110,698983623f3565676cff21527219505e.2,1,20200400000000.0,1,37f1b5a3cfdfd8c98c0588a236ad9bcd.242,2,aaaaaaa[aaaaaa][aaaaaa][aaaaaa][aaaa]aaa.a.aa-aaa[aaaa].org,0
601234,0a4bac9315565686caaafe8845915a64.3,1,20200300000000.0,1,fb61fa95e5e3f2310bffa114e3319759.73,5,[aaaa].[aaaa]aa.com,0
971264,698983623f3565676cff21527219505e.2,2,20200400000000.0,1,63023aec6c4be8d5b25a133b7e8c2609.102,2,[aaaa].[aaaa][aaaaaa].net,0
371913,698983623f3565676cff21527219505e.1,1,20200500000000.0,1,5f9e23ebf07282b80a72ccedac14022f.64,1,aaaaaaa[aaaaaa][aaaaaa][aaaaaa][aaaa]aaa.a.aa-aaa[aaaa].org,0
836505,698983623f3565676cff21527219505e.5,2,20200400000000.0,1,33ef190e05868c5967c45089743c41c8.48,2,aaaaaaaa[aaaaaa][aaaaaa][aaaaaa]aaaaaa.a.aa-aaa[aaaa].org,0
189160,5bd34f0929fdde8886bb1f67f62d692a.146,1,20200400000000.0,5,fqdn_11601,1,aaa.aaaa.club,6
991591,ea8fd3fba91b9c8dc632058860f53355.17,3,20200400000000.0,1,e9227bf48b1487a5353539ef8a28959a.30,2,aaaaaaa[aaaaaa][aaaaaa][aaaaaa]aaaaa0a.a.aa-aaa[aaaa].org,0
479619,698983623f3565676cff21527219505e.2,1,20200500000000.0,1,35c99e04da2571dd908de710f7e0923f.18,2,aaaaaaaa[aaaaaa][aaaaaa][aaaaaa]aaaaaa.a.aa-aaa[aaaa].org,0
285521,ea8fd3fba91b9c8dc632058860f53355.13,2,20200500000000.0,1,7c102e8994d1c0cd23327e0b314c14f1.11,1,aaaaaaa[aaaaaa][aaaaaa][aaaaaa]aaaaaaa.a.aa-aaa[aaaa].org,0
491911,698983623f3565676cff21527219505e.2,2,20200400000000.0,1,15414d875c7c47692a0d312711e1f470.7,1,aaaaaaaa[aaaaaa][aaaaaa][aaaaaa]aaaaaa.a.aa-aaa[aaaa].org,0
254986,698983623f3565676cff21527219505e.6,1,20200400000000.0,1,35c99e04da2571dd908de710f7e0923f.29,1,aaaaaaa[aaaaaa][aaaaaa][aaaaaa]aaaaaaa.a.aa-aaa[aaaa].org,0
368715,698983623f3565676cff21527219505e.5,3,20200400000000.0,1,9eab6c2473fc63db6e7c2d9416bef553.160,1,aaaaaaa[aaaaaa][aaaaaa][aaaaaa][aaaa]aaa.a.aa-aaa[aaaa].org,0
541753,698983623f3565676cff21527219505e.6,2,20200400000000.0,1,d5b8fc586b3bf2f9924ad7ea8c21425e.20,1,aaaaaaa[aaaaaa][aaaaaa][aaaaaa][aaaa]aaa.a.aa-aaa[aaaa].org,0
856936,698983623f3565676cff21527219505e.1,1,20200500000000.0,1,bcb83b032de182b80ece5712c129f4d3.1,1,aaaaaaa[aaaaaa][aaaaaa][aaaaaa][aaaa]aaa.a.aa[aaaaa].net,0
497893,698983623f3565676cff21527219505e.6,3,20200500000000.0,1,e6723b23d81aeef137cc77a0f2ca0dec.12,1,aaaaaaaa[aaaaaa][aaaaaa][aaaaaa]aaaaaa.a.aa-aaa[aaaa].org,0
666023,6c1d5ad125442a752560015d93606eb8.22,2,20200500000000.0,1,fb61fa95e5e3f2310bffa114e3319759.73,49,[aaaa].[aaaa]aa.com,0
464095,bec2a94a1b4d75b6e751030756b50014.222,18,20200500000000.0,1,b96ff9cb9e39dffab1adaf412f0ccb4d.67,4,[aaaaa]aaa[aaaaaa].com,0
246440,698983623f3565676cff21527219505e.5,2,20200400000000.0,1,5709d470adff0adfe81dc7d7ee963bc6.173,1,aaaaaaa[aaaaaa][aaaaaa][aaaaaa]aaaaaaa.a.aa-aaa[aaaa].org,0
566149,698983623f3565676cff21527219505e.2,1,20200400000000.0,1,364969db710c6b10cc7a5533af4b53a4.73,1,aaa.aaaaaa.info,2
147552,ea8fd3fba91b9c8dc632058860f53355.14,2,20200500000000.0,1,2cea2019e9c0bc567739b17e4be3e1f0.16,3,aaaaaa[aaaaaa][aaaaaa][aaaaaa][aaaaaa]aa.a.aa-aaa[aaaa].org,0
761104,94953e259992d2243cc90be061891471.169,4,20200400000000.0,1,9a86f44a322ae379f94598fbd81895bf.16,3,aaa.aaa[aaaa]-[aaaaaaaa].net,2
160375,ea8fd3fba91b9c8dc632058860f53355.14,2,20200500000000.0,1,babb9f553782f705cc33e6624aa08217.15,1,aaaaaa[aaaaaa][aaaaaa][aaaaaa][aaaaaa]aa.a.aa-aaa[aaaa].org,0
190730,698983623f3565676cff21527219505e.2,1,20200300000000.0,1,d311e07b16648448a4443005e4d3eacf.192,3,aaaaaaa[aaaaaa][aaaaaa][aaaaaa]aaaaa0a.a.aa-aaa[aaaa].org,0
159751,ea8fd3fba91b9c8dc632058860f53355.14,1,20200500000000.0,1,735180e28b38e0267205480d25f09f6d.11,1,aaaaaa[aaaaaa][aaaaaa][aaaaaa][aaaaaa]aa.a.aa-aaa[aaaa].org,0
924037,698983623f3565676cff21527219505e.1,1,20200500000000.0,1,8332328c02043e841d1fc7ff149afa39.198,2,[aaaa]aa[aaaa].net,3
658426,de6cb1d5224faea9698405abb0372fc6.127,6,20200400000000.0,1,fb61fa95e5e3f2310bffa114e3319759.73,17,[aaaa].[aaaa]aa.com,0
857893,698983623f3565676cff21527219505e.2,1,20200500000000.0,1,bcb83b032de182b80ece5712c129f4d3.1,1,aaaaaaa[aaaaaa][aaaaaa][aaaaaa][aaaa]aaa.a.aa[aaaaa].net,0
913097,698983623f3565676cff21527219505e.6,1,20200400000000.0,1,8332328c02043e841d1fc7ff149afa39.198,2,[aaaa]aa[aaaa].net,3
380628,698983623f3565676cff21527219505e.2,2,20200500000000.0,1,934b23db3d7ba2da2582581064d32c5b.152,2,aaaaaaaaaaaaaaaaaaaaaaaaaaaaaaaaaaaaaaaaaaaaaaaaaaaaaaaaaaaa.aaaaaaaa.[aaaaaa]a[aaaaaa].com,0
890935,698983623f3565676cff21527219505e.2,1,20200400000000.0,1,babb2f0fe52afdaf3f70c91234e17fbd.24,3,aaaaaaa[aaaaaa][aaaaaa][aaaaaa][aaaa]aaa.a.aa-aaa[aaaa].org,0
655680,0a4bac9315565686caaafe8845915a64.3,1,20200400000000.0,1,fb61fa95e5e3f2310bffa114e3319759.73,1,[aaaa].[aaaa]aa.com,0
285780,ea8fd3fba91b9c8dc632058860f53355.14,1,20200500000000.0,1,9b36515c664b111b8dd4cedb7c88cec6.1,2,aaaaaaa[aaaaaa][aaaaaa][aaaaaa]aaaaaaa.a.aa-aaa[aaaa].org,0
898582,698983623f3565676cff21527219505e.2,2,20200500000000.0,1,364607cfb43271173a7f19d1ebb8811d.43,2,aaaaaaa[aaaaaa][aaaaaa][aaaaaa][aaaa]aaa.a.aa-aaa[aaaa].org,0
821569,ea8fd3fba91b9c8dc632058860f53355.14,1,20200500000000.0,1,bcb83b032de182b80ece5712c129f4d3.1,2,aaaaaaa[aaaaaa][aaaaaa][aaaaaa]aaaaaa0.a.aa[aaaaa].net,0
631707,ffb09f1a240b1c6860977199b705bc52.177,2,20200400000000.0,1,fb61fa95e5e3f2310bffa114e3319759.73,251,[aaaa].[aaaa]aa.com,0
747303,698983623f3565676cff21527219505e.2,1,20200500000000.0,1,d5b8fc586b3bf2f9924ad7ea8c21425e.71,2,aaaaaa[aaaaaa][aaaaaa][aaaaaa][aaaaaa]aa.a.aa-aaa[aaaa].org,0
516725,698983623f3565676cff21527219505e.5,1,20200300000000.0,5,fqdn_6621,1,aaa.[aaaaaaaa]0[aaaa].pw,5
982661,698983623f3565676cff21527219505e.5,1,20200400000000.0,1,cad5ef254250109902a5fdf93514f4ad.16,1,aaaaaaa[aaaaaa][aaaaaa][aaaaaa]aaaaa0a.a.aa-aaa[aaaa].org,0
272288,698983623f3565676cff21527219505e.2,2,20200400000000.0,1,8461346253cf576b7f7de1d2db23ce20.17,1,aaaaaaa[aaaaaa][aaaaaa][aaaaaa]aaaaaaa.a.aa-aaa[aaaa].org,0
854700,698983623f3565676cff21527219505e.5,1,20200300000000.0,1,bcb83b032de182b80ece5712c129f4d3.1,1,aaaaaaa[aaaaaa][aaaaaa][aaaaaa][aaaa]aaa.a.aa[aaaaa].net,0
338024,698983623f3565676cff21527219505e.6,1,20200400000000.0,1,babb2f0fe52afdaf3f70c91234e17fbd.24,1,aaaaaaaa[aaaaaa][aaaaaa][aaaaaa]aaaaa0.a.aa-aaa[aaaa].org,0
924224,698983623f3565676cff21527219505e.2,1,20200500000000.0,1,8332328c02043e841d1fc7ff149afa39.197,2,[aaaa]aa[aaaa].net,3
110994,698983623f3565676cff21527219505e.2,1,20200400000000.0,1,91bbd9d96aceb1957c99d79935e919a1.131,3,aaaaaa[aaaaaa][aaaaaa][aaaaaa][aaaaaa]aa.a.aa-aaa[aaaa].org,0
752641,698983623f3565676cff21527219505e.5,1,20200500000000.0,1,6d6562f52cbd49089b935e4b3ca94b00.48,1,aaaa000a000000000a000.aa[aaaa][aaaaa].com,0
974529,698983623f3565676cff21527219505e.1,2,20200500000000.0,1,63023aec6c4be8d5b25a133b7e8c2609.102,1,[aaaa].[aaaa][aaaaaa].net,0
348938,406d0d8f1b610449730678e04414622d.161,1,20200300000000.0,1,6d6562f52cbd49089b935e4b3ca94b00.48,4,[aaaaaaa].[aaaaaa][aaaaa].com,0
801417,698983623f3565676cff21527219505e.6,3,20200400000000.0,1,8095d90fa1b58f725edeb6ad7003b515.87,1,aaaaaa[aaaaaa][aaaaaa][aaaaaa][aaaaaa]aa.a.aa-aaa[aaaa].org,0
300194,698983623f3565676cff21527219505e.1,1,20200500000000.0,1,2cea2019e9c0bc567739b17e4be3e1f0.16,3,aaaaaaa[aaaaaa][aaaaaa][aaaaaa]aaaaaaa.a.aa-aaa[aaaa].org,0
610640,0a4bac9315565686caaafe8845915a64.3,3,20200300000000.0,1,fb61fa95e5e3f2310bffa114e3319759.73,186,[aaaa].[aaaa]aa.com,0
78378,698983623f3565676cff21527219505e.6,2,20200300000000.0,1,a97b7c6693bf240c1e7e52437ef83a26.3,2,000[aaaa][aaaaaaa].com,0
362181,698983623f3565676cff21527219505e.1,1,20200500000000.0,1,bcb83b032de182b80ece5712c129f4d3.1,1,aaa00aaa[aaaaaa]aa[aaaaaa][aaaaaa]aaaa.a.aaa[aaaaaaa].com,0
494536,698983623f3565676cff21527219505e.6,1,20200400000000.0,1,7c102e8994d1c0cd23327e0b314c14f1.11,1,aaaaaaaa[aaaaaa][aaaaaa][aaaaaa]aaaaaa.a.aa-aaa[aaaa].org,0
50308,0a4bac9315565686caaafe8845915a64.3,1,20200400000000.0,1,fb61fa95e5e3f2310bffa114e3319759.73,53,aaa00a00.[aaaa]aaa.com,0
367322,698983623f3565676cff21527219505e.1,1,20200400000000.0,1,570d352043e8efd1835ee37469634be6.48,2,aaaaaaa[aaaaaa][aaaaaa][aaaaaa][aaaa]aaa.a.aa-aaa[aaaa].org,0
1032355,698983623f3565676cff21527219505e.1,1,20200500000000.0,1,0944904ce7083803d00a5bbda13e6c6d.1,2,aaaaaaa[aaaaaa][aaaaaa][aaaaaa]aaaaa0a.a.aa-aaa[aaaa].org,0
292452,ea8fd3fba91b9c8dc632058860f53355.14,1,20200500000000.0,1,b444a633e57a48894959219c40d9e017.1,1,aaaaaaa[aaaaaa][aaaaaa][aaaaaa]aaaaaaa.a.aa-aaa[aaaa].org,0
718864,698983623f3565676cff21527219505e.6,1,20200400000000.0,1,083ca96b832a7bf643e25403acd0ccba.178,4,aaaaaaaa[aaaaaa][aaaaaa][aaaaaa]aaaaaa.a.aa-aaa[aaaa].org,0
570855,698983623f3565676cff21527219505e.2,1,20200300000000.0,1,b96ff9cb9e39dffab1adaf412f0ccb4d.67,5,aaaaaaaaaaaaaaaaaaaaaaaaaaaaaaaa.aaaaaaaa.[aaaaa]aaa[aaaaaa].com,0
656242,698983623f3565676cff21527219505e.6,1,20200400000000.0,1,fb61fa95e5e3f2310bffa114e3319759.73,35,[aaaa].[aaaa]aa.com,0
518710,698983623f3565676cff21527219505e.6,1,20200400000000.0,5,fqdn_6621,10,aaa.[aaaaaaaa]0[aaaa].pw,5
671195,698983623f3565676cff21527219505e.2,1,20200300000000.0,1,8095d90fa1b58f725edeb6ad7003b515.87,1,aaaaaaa[aaaaaa][aaaaaa][aaaaaa][aaaa]aaa.a.aa-aaa[aaaa].org,0
387261,698983623f3565676cff21527219505e.1,4,20200400000000.0,1,677fef41a430b598d8883d9674c36d4a.11,1,aaaaaaaa[aaaaaa][aaaaaa][aaaaaa]aaaaaa.a.aa-aaa[aaaa].org,0
506631,698983623f3565676cff21527219505e.2,1,20200400000000.0,1,bcb83b032de182b80ece5712c129f4d3.1,2,aaaaaaa[aaaaaa][aaaaaa][aaaaaa][aaaa]aaa.a.aa[aaaaa].net,0
274761,698983623f3565676cff21527219505e.6,2,20200500000000.0,1,5709d470adff0adfe81dc7d7ee963bc6.173,1,aaaaaaa[aaaaaa][aaaaaa][aaaaaa]aaaaaaa.a.aa-aaa[aaaa].org,0
785319,698983623f3565676cff21527219505e.1,1,20200400000000.0,1,79984ce9e743d990ebf803dd952f2764.156,1,aaaaaaa[aaaaaa][aaaaaa][aaaaaa][aaaa]aaa.a.aa-aaa[aaaa].org,0
108494,ea8fd3fba91b9c8dc632058860f53355.17,1,20200400000000.0,1,5f9e23ebf07282b80a72ccedac14022f.16,1,aaaaaa[aaaaaa][aaaaaa][aaaaaa][aaaaaa]aa.a.aa-aaa[aaaa].org,0
342663,698983623f3565676cff21527219505e.6,1,20200500000000.0,1,77b486728cce8306da6a3ce75cfa2ffa.12,3,aaaaaaaa[aaaaaa][aaaaaa][aaaaaa]aaaaa0.a.aa-aaa[aaaa].org,0
97992,698983623f3565676cff21527219505e.1,1,20200400000000.0,1,2480f9e1251504eef8bbfc39494996e5.37,2,aaaaaa[aaaaaa][aaaaaa][aaaaaa][aaaaaa]aa.a.aa-aaa[aaaa].org,0
426609,698983623f3565676cff21527219505e.5,2,20200300000000.0,1,0b98010d3de11c71a0bca46b0671a4e9.149,2,aaaaaaa[aaaaaa][aaaaaa][aaaaaa]aaaaaaa.a.aa-aaa[aaaa].org,0
291299,ea8fd3fba91b9c8dc632058860f53355.14,1,20200500000000.0,1,735180e28b38e0267205480d25f09f6d.44,2,aaaaaaa[aaaaaa][aaaaaa][aaaaaa]aaaaaaa.a.aa-aaa[aaaa].org,0
640208,0a4bac9315565686caaafe8845915a64.3,1,20200400000000.0,1,fb61fa95e5e3f2310bffa114e3319759.73,186,[aaaa].[aaaa]aa.com,0
704362,698983623f3565676cff21527219505e.1,1,20200400000000.0,1,31d524db540e9546e379b739ee9e591b.32,1,aaaaaaaa[aaaaaa][aaaaaa][aaaaaa]aaaaaa.a.aa-aaa[aaaa].org,0
23506,0a4bac9315565686caaafe8845915a64.3,1,20200300000000.0,1,fb61fa95e5e3f2310bffa114e3319759.73,59,aaa00a00.[aaaa]aaa.com,0
311320,698983623f3565676cff21527219505e.5,2,20200500000000.0,1,1bd36398bdb82ff291d90568ed32f820.190,1,aaaaaaa[aaaaaa][aaaaaa][aaaaaa][aaaa]aaa.a.aa-aaa[aaaa].org,0
226769,698983623f3565676cff21527219505e.6,1,20200500000000.0,1,bcb83b032de182b80ece5712c129f4d3.1,3,aaaaaaa[aaaaaa][aaaaaa][aaaaaa][aaaa]aaa.a.aa[aaaaa].net,0
1048537,ea8fd3fba91b9c8dc632058860f53355.14,2,20200500000000.0,1,9b36515c664b111b8dd4cedb7c88cec6.6,3,aaaaaaa[aaaaaa][aaaaaa][aaaaaa]aaaaa0a.a.aa-aaa[aaaa].org,0
774324,698983623f3565676cff21527219505e.2,1,20200500000000.0,1,bcb83b032de182b80ece5712c129f4d3.1,1,aaaaaaa[aaaaaa][aaaaaa][aaaaaa][aaaa]aaa.a.aa[aaaaa].net,0
247826,698983623f3565676cff21527219505e.5,3,20200400000000.0,1,3c5bb4a03e4481aaeecb804f04f041d6.162,1,aaaaaaa[aaaaaa][aaaaaa][aaaaaa]aaaaaaa.a.aa-aaa[aaaa].org,0
142415,ea8fd3fba91b9c8dc632058860f53355.13,1,20200500000000.0,1,8461346253cf576b7f7de1d2db23ce20.1,2,aaaaaa[aaaaaa][aaaaaa][aaaaaa][aaaaaa]aa.a.aa-aaa[aaaa].org,0
242367,698983623f3565676cff21527219505e.1,1,20200500000000.0,1,8461346253cf576b7f7de1d2db23ce20.17,1,aaaaaaaa[aaaaaa][aaaaaa][aaaaaa]aaaa0a.a.aa-aaa[aaaa].org,0
190112,698983623f3565676cff21527219505e.1,1,20200300000000.0,1,b055207d1a4ce8395612c9190d50bd6e.248,1,aaaaaaa[aaaaaa][aaaaaa][aaaaaa]aaaaa0a.a.aa-aaa[aaaa].org,0
554451,698983623f3565676cff21527219505e.6,1,20200300000000.0,5,fqdn_6621,1,aaa.[aaaaaaaa]0[aaaa].pw,5
625444,0a4bac9315565686caaafe8845915a64.3,1,20200400000000.0,1,fb61fa95e5e3f2310bffa114e3319759.73,68,[aaaa].[aaaa]aa.com,0
517756,698983623f3565676cff21527219505e.2,1,20200400000000.0,5,fqdn_6621,1,aaa.[aaaaaaaa]0[aaaa].pw,5
